Threshold,AUC,Accuracy,Sensitivity,Specificity,PPV (Precision),Source
0.0,"0.719 (0.712, 0.712)","0.022 (0.021, 0.021)","1.000 (1.000, 1.000)","0.000 (0.000, 0.000)","0.022 (0.021, 0.021)",Model
0.01,"0.719 (0.712, 0.712)","0.355 (0.327, 0.327)","0.858 (0.804, 0.804)","0.343 (0.316, 0.316)","0.029 (0.027, 0.027)",Model
0.02,"0.719 (0.712, 0.712)","0.698 (0.685, 0.685)","0.612 (0.571, 0.571)","0.700 (0.686, 0.686)","0.044 (0.040, 0.040)",Model
0.03,"0.719 (0.712, 0.712)","0.847 (0.840, 0.840)","0.445 (0.442, 0.442)","0.856 (0.847, 0.847)","0.066 (0.056, 0.056)",Model
0.04,"0.719 (0.712, 0.712)","0.906 (0.904, 0.904)","0.368 (0.345, 0.345)","0.918 (0.913, 0.913)","0.092 (0.083, 0.083)",Model
0.05,"0.719 (0.712, 0.712)","0.935 (0.932, 0.932)","0.277 (0.250, 0.250)","0.949 (0.948, 0.948)","0.111 (0.092, 0.092)",Model
0.06,"0.719 (0.712, 0.712)","0.950 (0.948, 0.948)","0.252 (0.227, 0.227)","0.966 (0.964, 0.964)","0.142 (0.128, 0.128)",Model
0.07,"0.719 (0.712, 0.712)","0.958 (0.956, 0.956)","0.230 (0.205, 0.205)","0.974 (0.973, 0.973)","0.166 (0.134, 0.134)",Model
0.08,"0.719 (0.712, 0.712)","0.962 (0.961, 0.961)","0.186 (0.145, 0.145)","0.980 (0.978, 0.978)","0.168 (0.125, 0.125)",Model
0.09,"0.719 (0.712, 0.712)","0.965 (0.963, 0.963)","0.174 (0.127, 0.127)","0.983 (0.982, 0.982)","0.185 (0.137, 0.137)",Model
0.1,"0.719 (0.712, 0.712)","0.968 (0.966, 0.966)","0.143 (0.091, 0.091)","0.986 (0.985, 0.985)","0.188 (0.161, 0.161)",Model
0.11,"0.719 (0.712, 0.712)","0.970 (0.969, 0.969)","0.136 (0.091, 0.091)","0.989 (0.988, 0.988)","0.212 (0.194, 0.194)",Model
0.12,"0.719 (0.712, 0.712)","0.971 (0.970, 0.970)","0.125 (0.091, 0.091)","0.990 (0.989, 0.989)","0.210 (0.167, 0.167)",Model
0.13,"0.719 (0.712, 0.712)","0.972 (0.971, 0.971)","0.107 (0.068, 0.068)","0.991 (0.990, 0.990)","0.213 (0.158, 0.158)",Model
0.14,"0.719 (0.712, 0.712)","0.973 (0.972, 0.972)","0.103 (0.068, 0.068)","0.993 (0.992, 0.992)","0.235 (0.176, 0.176)",Model
0.15,"0.719 (0.712, 0.712)","0.974 (0.973, 0.973)","0.096 (0.068, 0.068)","0.993 (0.993, 0.993)","0.240 (0.200, 0.200)",Model
0.16,"0.719 (0.712, 0.712)","0.975 (0.973, 0.973)","0.093 (0.068, 0.068)","0.995 (0.994, 0.994)","0.269 (0.214, 0.214)",Model
0.17,"0.719 (0.712, 0.712)","0.975 (0.974, 0.974)","0.089 (0.068, 0.068)","0.995 (0.995, 0.995)","0.283 (0.250, 0.250)",Model
0.18,"0.719 (0.712, 0.712)","0.976 (0.975, 0.975)","0.083 (0.068, 0.068)","0.996 (0.996, 0.996)","0.308 (0.273, 0.273)",Model
0.19,"0.719 (0.712, 0.712)","0.976 (0.975, 0.975)","0.076 (0.068, 0.068)","0.996 (0.996, 0.996)","0.319 (0.267, 0.267)",Model
0.2,"0.719 (0.712, 0.712)","0.977 (0.975, 0.975)","0.068 (0.058, 0.058)","0.997 (0.996, 0.996)","0.343 (0.250, 0.250)",Model
0.21,"0.719 (0.712, 0.712)","0.977 (0.975, 0.975)","0.057 (0.038, 0.038)","0.997 (0.997, 0.997)","0.328 (0.222, 0.222)",Model
0.22,"0.719 (0.712, 0.712)","0.977 (0.976, 0.976)","0.054 (0.038, 0.038)","0.998 (0.998, 0.998)","0.362 (0.250, 0.250)",Model
0.23,"0.719 (0.712, 0.712)","0.977 (0.976, 0.976)","0.046 (0.023, 0.023)","0.998 (0.998, 0.998)","0.337 (0.250, 0.250)",Model
0.24,"0.719 (0.712, 0.712)","0.978 (0.976, 0.976)","0.038 (0.023, 0.023)","0.999 (0.998, 0.998)","0.370 (0.250, 0.250)",Model
0.25,"0.719 (0.712, 0.712)","0.978 (0.976, 0.976)","0.032 (0.023, 0.023)","0.999 (0.998, 0.998)","0.343 (0.143, 0.143)",Model
0.26,"0.719 (0.712, 0.712)","0.978 (0.976, 0.976)","0.032 (0.023, 0.023)","0.999 (0.998, 0.998)","0.343 (0.143, 0.143)",Model
0.27,"0.719 (0.712, 0.712)","0.978 (0.977, 0.977)","0.028 (0.018, 0.018)","0.999 (0.998, 0.998)","0.310 (0.143, 0.143)",Model
0.28,"0.719 (0.712, 0.712)","0.978 (0.977, 0.977)","0.028 (0.018, 0.018)","0.999 (0.999, 0.999)","0.328 (0.167, 0.167)",Model
0.29,"0.719 (0.712, 0.712)","0.978 (0.977, 0.977)","0.028 (0.018, 0.018)","0.999 (0.999, 0.999)","0.334 (0.200, 0.200)",Model
0.3,"0.719 (0.712, 0.712)","0.978 (0.977, 0.977)","0.025 (0.018, 0.018)","0.999 (0.999, 0.999)","0.320 (0.200, 0.200)",Model
0.31,"0.719 (0.712, 0.712)","0.978 (0.977, 0.977)","0.017 (0.000, 0.000)","0.999 (0.999, 0.999)","0.260 (0.000, 0.000)",Model
0.32,"0.719 (0.712, 0.712)","0.978 (0.977, 0.977)","0.011 (0.000, 0.000)","0.999 (0.999, 0.999)","0.217 (0.000, 0.000)",Model
0.33,"0.719 (0.712, 0.712)","0.978 (0.977, 0.977)","0.011 (0.000, 0.000)","0.999 (0.999, 0.999)","0.217 (0.000, 0.000)",Model
0.34,"0.719 (0.712, 0.712)","0.978 (0.977, 0.977)","0.011 (0.000, 0.000)","0.999 (0.999, 0.999)","0.217 (0.000, 0.000)",Model
0.35000000000000003,"0.719 (0.712, 0.712)","0.978 (0.977, 0.977)","0.011 (0.000, 0.000)","0.999 (0.999, 0.999)","0.217 (0.000, 0.000)",Model
0.36,"0.719 (0.712, 0.712)","0.978 (0.977, 0.977)","0.011 (0.000, 0.000)","0.999 (0.999, 0.999)","0.317 (0.000, 0.000)",Model
0.37,"0.719 (0.712, 0.712)","0.978 (0.977, 0.977)","0.011 (0.000, 0.000)","0.999 (0.999, 0.999)","0.317 (0.000, 0.000)",Model
0.38,"0.719 (0.712, 0.712)","0.978 (0.977, 0.977)","0.011 (0.000, 0.000)","1.000 (0.999, 0.999)","0.350 (0.000, 0.000)",Model
0.39,"0.719 (0.712, 0.712)","0.978 (0.977, 0.977)","0.007 (0.000, 0.000)","1.000 (1.000, 1.000)","0.150 (0.000, 0.000)",Model
0.4,"0.719 (0.712, 0.712)","0.978 (0.977, 0.977)","0.007 (0.000, 0.000)","1.000 (1.000, 1.000)","0.250 (0.000, 0.000)",Model
0.41000000000000003,"0.719 (0.712, 0.712)","0.978 (0.977, 0.977)","0.007 (0.000, 0.000)","1.000 (1.000, 1.000)","0.250 (0.000, 0.000)",Model
0.42,"0.719 (0.712, 0.712)","0.978 (0.977, 0.977)","0.007 (0.000, 0.000)","1.000 (1.000, 1.000)","0.250 (0.000, 0.000)",Model
0.43,"0.719 (0.712, 0.712)","0.978 (0.977, 0.977)","0.007 (0.000, 0.000)","1.000 (1.000, 1.000)","0.250 (0.000, 0.000)",Model
0.44,"0.719 (0.712, 0.712)","0.978 (0.977, 0.977)","0.007 (0.000, 0.000)","1.000 (1.000, 1.000)","0.250 (0.000, 0.000)",Model
0.45,"0.719 (0.712, 0.712)","0.978 (0.977, 0.977)","0.007 (0.000, 0.000)","1.000 (1.000, 1.000)","0.250 (0.000, 0.000)",Model
0.46,"0.719 (0.712, 0.712)","0.978 (0.977, 0.977)","0.003 (0.000, 0.000)","1.000 (1.000, 1.000)","0.050 (0.000, 0.000)",Model
0.47000000000000003,"0.719 (0.712, 0.712)","0.978 (0.977, 0.977)","0.000 (0.000, 0.000)","1.000 (1.000, 1.000)","0.000 (0.000, 0.000)",Model
0.48,"0.719 (0.712, 0.712)","0.978 (0.977, 0.977)","0.000 (0.000, 0.000)","1.000 (1.000, 1.000)","0.000 (0.000, 0.000)",Model
0.49,"0.719 (0.712, 0.712)","0.978 (0.977, 0.977)","0.000 (0.000, 0.000)","1.000 (1.000, 1.000)","0.000 (0.000, 0.000)",Model
0.5,"0.719 (0.712, 0.712)","0.978 (0.977, 0.977)","0.000 (0.000, 0.000)","1.000 (1.000, 1.000)","0.000 (0.000, 0.000)",Model
0.51,"0.719 (0.712, 0.712)","0.978 (0.977, 0.977)","0.000 (0.000, 0.000)","1.000 (1.000, 1.000)","0.000 (0.000, 0.000)",Model
0.52,"0.719 (0.712, 0.712)","0.978 (0.977, 0.977)","0.000 (0.000, 0.000)","1.000 (1.000, 1.000)","0.000 (0.000, 0.000)",Model
0.53,"0.719 (0.712, 0.712)","0.978 (0.977, 0.977)","0.000 (0.000, 0.000)","1.000 (1.000, 1.000)","0.000 (0.000, 0.000)",Model
0.54,"0.719 (0.712, 0.712)","0.978 (0.977, 0.977)","0.000 (0.000, 0.000)","1.000 (1.000, 1.000)","0.000 (0.000, 0.000)",Model
0.55,"0.719 (0.712, 0.712)","0.978 (0.977, 0.977)","0.000 (0.000, 0.000)","1.000 (1.000, 1.000)","0.000 (0.000, 0.000)",Model
0.56,"0.719 (0.712, 0.712)","0.978 (0.977, 0.977)","0.000 (0.000, 0.000)","1.000 (1.000, 1.000)","0.000 (0.000, 0.000)",Model
0.5700000000000001,"0.719 (0.712, 0.712)","0.978 (0.977, 0.977)","0.000 (0.000, 0.000)","1.000 (1.000, 1.000)","0.000 (0.000, 0.000)",Model
0.58,"0.719 (0.712, 0.712)","0.978 (0.977, 0.977)","0.000 (0.000, 0.000)","1.000 (1.000, 1.000)","0.000 (0.000, 0.000)",Model
0.59,"0.719 (0.712, 0.712)","0.978 (0.977, 0.977)","0.000 (0.000, 0.000)","1.000 (1.000, 1.000)","0.000 (0.000, 0.000)",Model
0.6,"0.719 (0.712, 0.712)","0.978 (0.977, 0.977)","0.000 (0.000, 0.000)","1.000 (1.000, 1.000)","0.000 (0.000, 0.000)",Model
0.61,"0.719 (0.712, 0.712)","0.978 (0.977, 0.977)","0.000 (0.000, 0.000)","1.000 (1.000, 1.000)","0.000 (0.000, 0.000)",Model
0.62,"0.719 (0.712, 0.712)","0.978 (0.977, 0.977)","0.000 (0.000, 0.000)","1.000 (1.000, 1.000)","0.000 (0.000, 0.000)",Model
0.63,"0.719 (0.712, 0.712)","0.978 (0.977, 0.977)","0.000 (0.000, 0.000)","1.000 (1.000, 1.000)","0.000 (0.000, 0.000)",Model
0.64,"0.719 (0.712, 0.712)","0.978 (0.977, 0.977)","0.000 (0.000, 0.000)","1.000 (1.000, 1.000)","0.000 (0.000, 0.000)",Model
0.65,"0.719 (0.712, 0.712)","0.978 (0.977, 0.977)","0.000 (0.000, 0.000)","1.000 (1.000, 1.000)","0.000 (0.000, 0.000)",Model
0.66,"0.719 (0.712, 0.712)","0.978 (0.977, 0.977)","0.000 (0.000, 0.000)","1.000 (1.000, 1.000)","0.000 (0.000, 0.000)",Model
0.67,"0.719 (0.712, 0.712)","0.978 (0.977, 0.977)","0.000 (0.000, 0.000)","1.000 (1.000, 1.000)","0.000 (0.000, 0.000)",Model
0.68,"0.719 (0.712, 0.712)","0.978 (0.977, 0.977)","0.000 (0.000, 0.000)","1.000 (1.000, 1.000)","0.000 (0.000, 0.000)",Model
0.6900000000000001,"0.719 (0.712, 0.712)","0.978 (0.977, 0.977)","0.000 (0.000, 0.000)","1.000 (1.000, 1.000)","0.000 (0.000, 0.000)",Model
0.7000000000000001,"0.719 (0.712, 0.712)","0.978 (0.977, 0.977)","0.000 (0.000, 0.000)","1.000 (1.000, 1.000)","0.000 (0.000, 0.000)",Model
0.71,"0.719 (0.712, 0.712)","0.978 (0.977, 0.977)","0.000 (0.000, 0.000)","1.000 (1.000, 1.000)","0.000 (0.000, 0.000)",Model
0.72,"0.719 (0.712, 0.712)","0.978 (0.977, 0.977)","0.000 (0.000, 0.000)","1.000 (1.000, 1.000)","0.000 (0.000, 0.000)",Model
0.73,"0.719 (0.712, 0.712)","0.978 (0.977, 0.977)","0.000 (0.000, 0.000)","1.000 (1.000, 1.000)","0.000 (0.000, 0.000)",Model
0.74,"0.719 (0.712, 0.712)","0.978 (0.977, 0.977)","0.000 (0.000, 0.000)","1.000 (1.000, 1.000)","0.000 (0.000, 0.000)",Model
0.75,"0.719 (0.712, 0.712)","0.978 (0.977, 0.977)","0.000 (0.000, 0.000)","1.000 (1.000, 1.000)","0.000 (0.000, 0.000)",Model
0.76,"0.719 (0.712, 0.712)","0.978 (0.977, 0.977)","0.000 (0.000, 0.000)","1.000 (1.000, 1.000)","0.000 (0.000, 0.000)",Model
0.77,"0.719 (0.712, 0.712)","0.978 (0.977, 0.977)","0.000 (0.000, 0.000)","1.000 (1.000, 1.000)","0.000 (0.000, 0.000)",Model
0.78,"0.719 (0.712, 0.712)","0.978 (0.977, 0.977)","0.000 (0.000, 0.000)","1.000 (1.000, 1.000)","0.000 (0.000, 0.000)",Model
0.79,"0.719 (0.712, 0.712)","0.978 (0.977, 0.977)","0.000 (0.000, 0.000)","1.000 (1.000, 1.000)","0.000 (0.000, 0.000)",Model
0.8,"0.719 (0.712, 0.712)","0.978 (0.977, 0.977)","0.000 (0.000, 0.000)","1.000 (1.000, 1.000)","0.000 (0.000, 0.000)",Model
0.81,"0.719 (0.712, 0.712)","0.978 (0.977, 0.977)","0.000 (0.000, 0.000)","1.000 (1.000, 1.000)","0.000 (0.000, 0.000)",Model
0.8200000000000001,"0.719 (0.712, 0.712)","0.978 (0.977, 0.977)","0.000 (0.000, 0.000)","1.000 (1.000, 1.000)","0.000 (0.000, 0.000)",Model
0.8300000000000001,"0.719 (0.712, 0.712)","0.978 (0.977, 0.977)","0.000 (0.000, 0.000)","1.000 (1.000, 1.000)","0.000 (0.000, 0.000)",Model
0.84,"0.719 (0.712, 0.712)","0.978 (0.977, 0.977)","0.000 (0.000, 0.000)","1.000 (1.000, 1.000)","0.000 (0.000, 0.000)",Model
0.85,"0.719 (0.712, 0.712)","0.978 (0.977, 0.977)","0.000 (0.000, 0.000)","1.000 (1.000, 1.000)","0.000 (0.000, 0.000)",Model
0.86,"0.719 (0.712, 0.712)","0.978 (0.977, 0.977)","0.000 (0.000, 0.000)","1.000 (1.000, 1.000)","0.000 (0.000, 0.000)",Model
0.87,"0.719 (0.712, 0.712)","0.978 (0.977, 0.977)","0.000 (0.000, 0.000)","1.000 (1.000, 1.000)","0.000 (0.000, 0.000)",Model
0.88,"0.719 (0.712, 0.712)","0.978 (0.977, 0.977)","0.000 (0.000, 0.000)","1.000 (1.000, 1.000)","0.000 (0.000, 0.000)",Model
0.89,"0.719 (0.712, 0.712)","0.978 (0.977, 0.977)","0.000 (0.000, 0.000)","1.000 (1.000, 1.000)","0.000 (0.000, 0.000)",Model
0.9,"0.719 (0.712, 0.712)","0.978 (0.977, 0.977)","0.000 (0.000, 0.000)","1.000 (1.000, 1.000)","0.000 (0.000, 0.000)",Model
0.91,"0.719 (0.712, 0.712)","0.978 (0.977, 0.977)","0.000 (0.000, 0.000)","1.000 (1.000, 1.000)","0.000 (0.000, 0.000)",Model
0.92,"0.719 (0.712, 0.712)","0.978 (0.977, 0.977)","0.000 (0.000, 0.000)","1.000 (1.000, 1.000)","0.000 (0.000, 0.000)",Model
0.93,"0.719 (0.712, 0.712)","0.978 (0.977, 0.977)","0.000 (0.000, 0.000)","1.000 (1.000, 1.000)","0.000 (0.000, 0.000)",Model
0.9400000000000001,"0.719 (0.712, 0.712)","0.978 (0.977, 0.977)","0.000 (0.000, 0.000)","1.000 (1.000, 1.000)","0.000 (0.000, 0.000)",Model
0.9500000000000001,"0.719 (0.712, 0.712)","0.978 (0.977, 0.977)","0.000 (0.000, 0.000)","1.000 (1.000, 1.000)","0.000 (0.000, 0.000)",Model
0.96,"0.719 (0.712, 0.712)","0.978 (0.977, 0.977)","0.000 (0.000, 0.000)","1.000 (1.000, 1.000)","0.000 (0.000, 0.000)",Model
0.97,"0.719 (0.712, 0.712)","0.978 (0.977, 0.977)","0.000 (0.000, 0.000)","1.000 (1.000, 1.000)","0.000 (0.000, 0.000)",Model
0.98,"0.719 (0.712, 0.712)","0.978 (0.977, 0.977)","0.000 (0.000, 0.000)","1.000 (1.000, 1.000)","0.000 (0.000, 0.000)",Model
0.99,"0.719 (0.712, 0.712)","0.978 (0.977, 0.977)","0.000 (0.000, 0.000)","1.000 (1.000, 1.000)","0.000 (0.000, 0.000)",Model
1.0,"0.719 (0.712, 0.712)","0.978 (0.977, 0.977)","0.000 (0.000, 0.000)","1.000 (1.000, 1.000)","0.000 (0.000, 0.000)",Model
1.01,"0.719 (0.712, 0.712)","0.978 (0.977, 0.977)","0.000 (0.000, 0.000)","1.000 (1.000, 1.000)","0.000 (0.000, 0.000)",Model
0.0,"0.668 (0.664, 0.664)","0.064 (0.057, 0.057)","0.979 (0.964, 0.964)","0.044 (0.037, 0.037)","0.022 (0.022, 0.022)",AlloSure
0.01,"0.668 (0.664, 0.664)","0.129 (0.125, 0.125)","0.938 (0.932, 0.932)","0.111 (0.106, 0.106)","0.023 (0.022, 0.022)",AlloSure
0.02,"0.668 (0.664, 0.664)","0.213 (0.207, 0.207)","0.909 (0.892, 0.892)","0.198 (0.190, 0.190)","0.025 (0.024, 0.024)",AlloSure
0.03,"0.668 (0.664, 0.664)","0.303 (0.293, 0.293)","0.880 (0.855, 0.855)","0.290 (0.280, 0.280)","0.027 (0.026, 0.026)",AlloSure
0.04,"0.668 (0.664, 0.664)","0.383 (0.368, 0.368)","0.785 (0.750, 0.750)","0.374 (0.358, 0.358)","0.027 (0.026, 0.026)",AlloSure
0.05,"0.668 (0.664, 0.664)","0.455 (0.444, 0.444)","0.750 (0.705, 0.705)","0.448 (0.436, 0.436)","0.030 (0.027, 0.027)",AlloSure
0.06,"0.668 (0.664, 0.664)","0.516 (0.503, 0.503)","0.695 (0.673, 0.673)","0.512 (0.498, 0.498)","0.031 (0.030, 0.030)",AlloSure
0.07,"0.668 (0.664, 0.664)","0.566 (0.550, 0.550)","0.674 (0.659, 0.659)","0.563 (0.547, 0.547)","0.034 (0.032, 0.032)",AlloSure
0.08,"0.668 (0.664, 0.664)","0.609 (0.593, 0.593)","0.619 (0.607, 0.607)","0.608 (0.592, 0.592)","0.034 (0.033, 0.033)",AlloSure
0.09,"0.668 (0.664, 0.664)","0.646 (0.621, 0.621)","0.592 (0.568, 0.568)","0.647 (0.622, 0.622)","0.037 (0.034, 0.034)",AlloSure
0.1,"0.668 (0.664, 0.664)","0.677 (0.652, 0.652)","0.568 (0.523, 0.523)","0.679 (0.655, 0.655)","0.039 (0.036, 0.036)",AlloSure
0.11,"0.668 (0.664, 0.664)","0.701 (0.674, 0.674)","0.558 (0.523, 0.523)","0.704 (0.676, 0.676)","0.041 (0.039, 0.039)",AlloSure
0.12,"0.668 (0.664, 0.664)","0.720 (0.693, 0.693)","0.547 (0.519, 0.519)","0.724 (0.697, 0.697)","0.043 (0.040, 0.040)",AlloSure
0.13,"0.668 (0.664, 0.664)","0.737 (0.715, 0.715)","0.540 (0.519, 0.519)","0.742 (0.718, 0.718)","0.046 (0.041, 0.041)",AlloSure
0.14,"0.668 (0.664, 0.664)","0.752 (0.727, 0.727)","0.514 (0.481, 0.481)","0.757 (0.731, 0.731)","0.046 (0.041, 0.041)",AlloSure
0.15,"0.668 (0.664, 0.664)","0.766 (0.740, 0.740)","0.504 (0.477, 0.477)","0.772 (0.745, 0.745)","0.048 (0.044, 0.044)",AlloSure
0.16,"0.668 (0.664, 0.664)","0.779 (0.752, 0.752)","0.497 (0.477, 0.477)","0.785 (0.757, 0.757)","0.050 (0.046, 0.046)",AlloSure
0.17,"0.668 (0.664, 0.664)","0.788 (0.763, 0.763)","0.479 (0.455, 0.455)","0.795 (0.769, 0.769)","0.051 (0.046, 0.046)",AlloSure
0.18,"0.668 (0.664, 0.664)","0.798 (0.773, 0.773)","0.454 (0.432, 0.432)","0.806 (0.780, 0.780)","0.051 (0.047, 0.047)",AlloSure
0.19,"0.668 (0.664, 0.664)","0.807 (0.785, 0.785)","0.446 (0.432, 0.432)","0.815 (0.792, 0.792)","0.052 (0.049, 0.049)",AlloSure
0.2,"0.668 (0.664, 0.664)","0.816 (0.796, 0.796)","0.443 (0.432, 0.432)","0.824 (0.803, 0.803)","0.054 (0.052, 0.052)",AlloSure
0.21,"0.668 (0.664, 0.664)","0.822 (0.802, 0.802)","0.410 (0.409, 0.409)","0.831 (0.810, 0.810)","0.053 (0.050, 0.050)",AlloSure
0.22,"0.668 (0.664, 0.664)","0.827 (0.808, 0.808)","0.388 (0.409, 0.409)","0.837 (0.816, 0.816)","0.051 (0.043, 0.043)",AlloSure
0.23,"0.668 (0.664, 0.664)","0.834 (0.815, 0.815)","0.381 (0.400, 0.400)","0.844 (0.825, 0.825)","0.053 (0.045, 0.045)",AlloSure
0.24,"0.668 (0.664, 0.664)","0.839 (0.821, 0.821)","0.368 (0.364, 0.364)","0.850 (0.830, 0.830)","0.053 (0.047, 0.047)",AlloSure
0.25,"0.668 (0.664, 0.664)","0.843 (0.822, 0.822)","0.365 (0.364, 0.364)","0.854 (0.832, 0.832)","0.054 (0.048, 0.048)",AlloSure
0.26,"0.668 (0.664, 0.664)","0.848 (0.828, 0.828)","0.357 (0.364, 0.364)","0.859 (0.838, 0.838)","0.055 (0.047, 0.047)",AlloSure
0.27,"0.668 (0.664, 0.664)","0.852 (0.831, 0.831)","0.347 (0.357, 0.357)","0.863 (0.841, 0.841)","0.055 (0.049, 0.049)",AlloSure
0.28,"0.668 (0.664, 0.664)","0.855 (0.837, 0.837)","0.339 (0.339, 0.339)","0.867 (0.848, 0.848)","0.056 (0.050, 0.050)",AlloSure
0.29,"0.668 (0.664, 0.664)","0.858 (0.840, 0.840)","0.331 (0.318, 0.318)","0.870 (0.851, 0.851)","0.056 (0.050, 0.050)",AlloSure
0.3,"0.668 (0.664, 0.664)","0.861 (0.843, 0.843)","0.319 (0.295, 0.295)","0.873 (0.854, 0.854)","0.055 (0.051, 0.051)",AlloSure
0.31,"0.668 (0.664, 0.664)","0.864 (0.847, 0.847)","0.319 (0.295, 0.295)","0.876 (0.859, 0.859)","0.057 (0.053, 0.053)",AlloSure
0.32,"0.668 (0.664, 0.664)","0.867 (0.850, 0.850)","0.316 (0.295, 0.295)","0.879 (0.861, 0.861)","0.057 (0.054, 0.054)",AlloSure
0.33,"0.668 (0.664, 0.664)","0.870 (0.854, 0.854)","0.312 (0.295, 0.295)","0.882 (0.866, 0.866)","0.058 (0.051, 0.051)",AlloSure
0.34,"0.668 (0.664, 0.664)","0.873 (0.857, 0.857)","0.309 (0.295, 0.295)","0.885 (0.869, 0.869)","0.059 (0.049, 0.049)",AlloSure
0.35000000000000003,"0.668 (0.664, 0.664)","0.875 (0.860, 0.860)","0.302 (0.295, 0.295)","0.887 (0.873, 0.873)","0.058 (0.050, 0.050)",AlloSure
0.36,"0.668 (0.664, 0.664)","0.878 (0.864, 0.864)","0.298 (0.295, 0.295)","0.891 (0.876, 0.876)","0.059 (0.047, 0.047)",AlloSure
0.37,"0.668 (0.664, 0.664)","0.880 (0.867, 0.867)","0.298 (0.295, 0.295)","0.893 (0.879, 0.879)","0.061 (0.048, 0.048)",AlloSure
0.38,"0.668 (0.664, 0.664)","0.882 (0.868, 0.868)","0.298 (0.295, 0.295)","0.895 (0.880, 0.880)","0.062 (0.050, 0.050)",AlloSure
0.39,"0.668 (0.664, 0.664)","0.885 (0.871, 0.871)","0.298 (0.295, 0.295)","0.898 (0.883, 0.883)","0.063 (0.051, 0.051)",AlloSure
0.4,"0.668 (0.664, 0.664)","0.886 (0.873, 0.873)","0.290 (0.273, 0.273)","0.899 (0.886, 0.886)","0.063 (0.051, 0.051)",AlloSure
0.41000000000000003,"0.668 (0.664, 0.664)","0.888 (0.875, 0.875)","0.290 (0.273, 0.273)","0.901 (0.888, 0.888)","0.064 (0.053, 0.053)",AlloSure
0.42,"0.668 (0.664, 0.664)","0.889 (0.876, 0.876)","0.290 (0.273, 0.273)","0.903 (0.889, 0.889)","0.065 (0.053, 0.053)",AlloSure
0.43,"0.668 (0.664, 0.664)","0.891 (0.878, 0.878)","0.290 (0.273, 0.273)","0.904 (0.891, 0.891)","0.066 (0.054, 0.054)",AlloSure
0.44,"0.668 (0.664, 0.664)","0.893 (0.880, 0.880)","0.287 (0.273, 0.273)","0.906 (0.893, 0.893)","0.066 (0.056, 0.056)",AlloSure
0.45,"0.668 (0.664, 0.664)","0.894 (0.882, 0.882)","0.270 (0.273, 0.273)","0.908 (0.895, 0.895)","0.064 (0.057, 0.057)",AlloSure
0.46,"0.668 (0.664, 0.664)","0.896 (0.883, 0.883)","0.270 (0.273, 0.273)","0.910 (0.896, 0.896)","0.065 (0.058, 0.058)",AlloSure
0.47000000000000003,"0.668 (0.664, 0.664)","0.898 (0.885, 0.885)","0.266 (0.250, 0.250)","0.912 (0.898, 0.898)","0.066 (0.060, 0.060)",AlloSure
0.48,"0.668 (0.664, 0.664)","0.899 (0.886, 0.886)","0.266 (0.250, 0.250)","0.914 (0.900, 0.900)","0.067 (0.061, 0.061)",AlloSure
0.49,"0.668 (0.664, 0.664)","0.900 (0.888, 0.888)","0.259 (0.250, 0.250)","0.915 (0.902, 0.902)","0.066 (0.062, 0.062)",AlloSure
0.5,"0.668 (0.664, 0.664)","0.902 (0.889, 0.889)","0.259 (0.250, 0.250)","0.916 (0.902, 0.902)","0.068 (0.064, 0.064)",AlloSure
0.51,"0.668 (0.664, 0.664)","0.903 (0.890, 0.890)","0.253 (0.250, 0.250)","0.918 (0.904, 0.904)","0.067 (0.064, 0.064)",AlloSure
0.52,"0.668 (0.664, 0.664)","0.904 (0.892, 0.892)","0.249 (0.250, 0.250)","0.919 (0.906, 0.906)","0.067 (0.065, 0.065)",AlloSure
0.53,"0.668 (0.664, 0.664)","0.906 (0.895, 0.895)","0.238 (0.232, 0.232)","0.921 (0.909, 0.909)","0.066 (0.060, 0.060)",AlloSure
0.54,"0.668 (0.664, 0.664)","0.907 (0.896, 0.896)","0.234 (0.232, 0.232)","0.922 (0.911, 0.911)","0.066 (0.057, 0.057)",AlloSure
0.55,"0.668 (0.664, 0.664)","0.909 (0.897, 0.897)","0.231 (0.232, 0.232)","0.924 (0.912, 0.912)","0.066 (0.058, 0.058)",AlloSure
0.56,"0.668 (0.664, 0.664)","0.910 (0.900, 0.900)","0.231 (0.232, 0.232)","0.925 (0.915, 0.915)","0.068 (0.060, 0.060)",AlloSure
0.5700000000000001,"0.668 (0.664, 0.664)","0.911 (0.902, 0.902)","0.231 (0.232, 0.232)","0.927 (0.917, 0.917)","0.068 (0.061, 0.061)",AlloSure
0.58,"0.668 (0.664, 0.664)","0.913 (0.902, 0.902)","0.231 (0.232, 0.232)","0.928 (0.917, 0.917)","0.069 (0.061, 0.061)",AlloSure
0.59,"0.668 (0.664, 0.664)","0.913 (0.904, 0.904)","0.227 (0.218, 0.218)","0.929 (0.920, 0.920)","0.069 (0.058, 0.058)",AlloSure
0.6,"0.668 (0.664, 0.664)","0.914 (0.905, 0.905)","0.218 (0.205, 0.205)","0.930 (0.920, 0.920)","0.069 (0.059, 0.059)",AlloSure
0.61,"0.668 (0.664, 0.664)","0.915 (0.906, 0.906)","0.218 (0.205, 0.205)","0.931 (0.922, 0.922)","0.070 (0.060, 0.060)",AlloSure
0.62,"0.668 (0.664, 0.664)","0.916 (0.906, 0.906)","0.208 (0.200, 0.200)","0.931 (0.922, 0.922)","0.067 (0.056, 0.056)",AlloSure
0.63,"0.668 (0.664, 0.664)","0.916 (0.907, 0.907)","0.205 (0.200, 0.200)","0.932 (0.923, 0.923)","0.066 (0.056, 0.056)",AlloSure
0.64,"0.668 (0.664, 0.664)","0.917 (0.908, 0.908)","0.201 (0.200, 0.200)","0.933 (0.924, 0.924)","0.066 (0.057, 0.057)",AlloSure
0.65,"0.668 (0.664, 0.664)","0.917 (0.909, 0.909)","0.201 (0.200, 0.200)","0.933 (0.925, 0.925)","0.067 (0.058, 0.058)",AlloSure
0.66,"0.668 (0.664, 0.664)","0.918 (0.910, 0.910)","0.194 (0.182, 0.182)","0.934 (0.926, 0.926)","0.066 (0.058, 0.058)",AlloSure
0.67,"0.668 (0.664, 0.664)","0.919 (0.911, 0.911)","0.194 (0.182, 0.182)","0.935 (0.927, 0.927)","0.067 (0.059, 0.059)",AlloSure
0.68,"0.668 (0.664, 0.664)","0.919 (0.912, 0.912)","0.194 (0.182, 0.182)","0.936 (0.928, 0.928)","0.067 (0.059, 0.059)",AlloSure
0.6900000000000001,"0.668 (0.664, 0.664)","0.921 (0.912, 0.912)","0.194 (0.182, 0.182)","0.937 (0.929, 0.929)","0.068 (0.060, 0.060)",AlloSure
0.7000000000000001,"0.668 (0.664, 0.664)","0.922 (0.913, 0.913)","0.194 (0.182, 0.182)","0.938 (0.929, 0.929)","0.069 (0.061, 0.061)",AlloSure
0.71,"0.668 (0.664, 0.664)","0.923 (0.915, 0.915)","0.194 (0.182, 0.182)","0.939 (0.931, 0.931)","0.070 (0.062, 0.062)",AlloSure
0.72,"0.668 (0.664, 0.664)","0.924 (0.917, 0.917)","0.190 (0.182, 0.182)","0.940 (0.933, 0.933)","0.070 (0.064, 0.064)",AlloSure
0.73,"0.668 (0.664, 0.664)","0.925 (0.918, 0.918)","0.190 (0.182, 0.182)","0.941 (0.934, 0.934)","0.071 (0.065, 0.065)",AlloSure
0.74,"0.668 (0.664, 0.664)","0.925 (0.918, 0.918)","0.187 (0.182, 0.182)","0.942 (0.934, 0.934)","0.070 (0.065, 0.065)",AlloSure
0.75,"0.668 (0.664, 0.664)","0.926 (0.919, 0.919)","0.187 (0.182, 0.182)","0.943 (0.936, 0.936)","0.071 (0.066, 0.066)",AlloSure
0.76,"0.668 (0.664, 0.664)","0.927 (0.920, 0.920)","0.187 (0.182, 0.182)","0.944 (0.937, 0.937)","0.072 (0.067, 0.067)",AlloSure
0.77,"0.668 (0.664, 0.664)","0.927 (0.921, 0.921)","0.184 (0.169, 0.169)","0.944 (0.938, 0.938)","0.071 (0.068, 0.068)",AlloSure
0.78,"0.668 (0.664, 0.664)","0.928 (0.923, 0.923)","0.184 (0.169, 0.169)","0.945 (0.939, 0.939)","0.072 (0.070, 0.070)",AlloSure
0.79,"0.668 (0.664, 0.664)","0.929 (0.924, 0.924)","0.184 (0.169, 0.169)","0.946 (0.940, 0.940)","0.073 (0.071, 0.071)",AlloSure
0.8,"0.668 (0.664, 0.664)","0.930 (0.924, 0.924)","0.180 (0.169, 0.169)","0.947 (0.941, 0.941)","0.073 (0.066, 0.066)",AlloSure
0.81,"0.668 (0.664, 0.664)","0.930 (0.925, 0.925)","0.180 (0.169, 0.169)","0.947 (0.942, 0.942)","0.074 (0.067, 0.067)",AlloSure
0.8200000000000001,"0.668 (0.664, 0.664)","0.931 (0.927, 0.927)","0.177 (0.169, 0.169)","0.948 (0.944, 0.944)","0.073 (0.068, 0.068)",AlloSure
0.8300000000000001,"0.668 (0.664, 0.664)","0.932 (0.927, 0.927)","0.177 (0.169, 0.169)","0.948 (0.944, 0.944)","0.074 (0.069, 0.069)",AlloSure
0.84,"0.668 (0.664, 0.664)","0.932 (0.928, 0.928)","0.177 (0.169, 0.169)","0.949 (0.945, 0.945)","0.074 (0.070, 0.070)",AlloSure
0.85,"0.668 (0.664, 0.664)","0.933 (0.929, 0.929)","0.177 (0.169, 0.169)","0.950 (0.946, 0.946)","0.075 (0.071, 0.071)",AlloSure
0.86,"0.668 (0.664, 0.664)","0.933 (0.929, 0.929)","0.173 (0.164, 0.164)","0.950 (0.946, 0.946)","0.075 (0.065, 0.065)",AlloSure
0.87,"0.668 (0.664, 0.664)","0.934 (0.930, 0.930)","0.173 (0.164, 0.164)","0.951 (0.947, 0.947)","0.076 (0.066, 0.066)",AlloSure
0.88,"0.668 (0.664, 0.664)","0.935 (0.930, 0.930)","0.173 (0.164, 0.164)","0.952 (0.947, 0.947)","0.077 (0.066, 0.066)",AlloSure
0.89,"0.668 (0.664, 0.664)","0.935 (0.931, 0.931)","0.173 (0.164, 0.164)","0.952 (0.949, 0.949)","0.077 (0.068, 0.068)",AlloSure
0.9,"0.668 (0.664, 0.664)","0.936 (0.932, 0.932)","0.173 (0.164, 0.164)","0.953 (0.950, 0.950)","0.078 (0.069, 0.069)",AlloSure
0.91,"0.668 (0.664, 0.664)","0.936 (0.933, 0.933)","0.173 (0.164, 0.164)","0.953 (0.950, 0.950)","0.079 (0.070, 0.070)",AlloSure
0.92,"0.668 (0.664, 0.664)","0.937 (0.933, 0.933)","0.173 (0.164, 0.164)","0.954 (0.951, 0.951)","0.079 (0.070, 0.070)",AlloSure
0.93,"0.668 (0.664, 0.664)","0.937 (0.933, 0.933)","0.173 (0.164, 0.164)","0.954 (0.951, 0.951)","0.080 (0.071, 0.071)",AlloSure
0.9400000000000001,"0.668 (0.664, 0.664)","0.938 (0.935, 0.935)","0.173 (0.164, 0.164)","0.955 (0.952, 0.952)","0.081 (0.073, 0.073)",AlloSure
0.9500000000000001,"0.668 (0.664, 0.664)","0.938 (0.935, 0.935)","0.173 (0.164, 0.164)","0.956 (0.953, 0.953)","0.082 (0.073, 0.073)",AlloSure
0.96,"0.668 (0.664, 0.664)","0.939 (0.936, 0.936)","0.169 (0.164, 0.164)","0.956 (0.954, 0.954)","0.081 (0.074, 0.074)",AlloSure
0.97,"0.668 (0.664, 0.664)","0.939 (0.937, 0.937)","0.166 (0.154, 0.154)","0.957 (0.954, 0.954)","0.081 (0.076, 0.076)",AlloSure
0.98,"0.668 (0.664, 0.664)","0.940 (0.937, 0.937)","0.163 (0.154, 0.154)","0.957 (0.955, 0.955)","0.080 (0.076, 0.076)",AlloSure
0.99,"0.668 (0.664, 0.664)","0.940 (0.938, 0.938)","0.163 (0.154, 0.154)","0.958 (0.955, 0.955)","0.081 (0.077, 0.077)",AlloSure
1.0,"0.668 (0.664, 0.664)","0.941 (0.938, 0.938)","0.163 (0.154, 0.154)","0.958 (0.956, 0.956)","0.081 (0.078, 0.078)",AlloSure
1.01,"0.668 (0.664, 0.664)","0.941 (0.938, 0.938)","0.163 (0.154, 0.154)","0.958 (0.956, 0.956)","0.082 (0.078, 0.078)",AlloSure
20.0,"0.582 (0.547, 0.547)","0.107 (0.105, 0.105)","0.913 (0.886, 0.886)","0.089 (0.088, 0.088)","0.022 (0.021, 0.021)",AlloMap
21.0,"0.582 (0.547, 0.547)","0.124 (0.119, 0.119)","0.884 (0.864, 0.864)","0.107 (0.102, 0.102)","0.022 (0.021, 0.021)",AlloMap
22.0,"0.582 (0.547, 0.547)","0.144 (0.139, 0.139)","0.863 (0.857, 0.857)","0.128 (0.124, 0.124)","0.022 (0.021, 0.021)",AlloMap
23.0,"0.582 (0.547, 0.547)","0.168 (0.164, 0.164)","0.852 (0.846, 0.846)","0.153 (0.150, 0.150)","0.022 (0.021, 0.021)",AlloMap
24.0,"0.582 (0.547, 0.547)","0.193 (0.192, 0.192)","0.834 (0.821, 0.821)","0.179 (0.176, 0.176)","0.022 (0.021, 0.021)",AlloMap
25.0,"0.582 (0.547, 0.547)","0.223 (0.217, 0.217)","0.826 (0.804, 0.804)","0.210 (0.204, 0.204)","0.023 (0.022, 0.022)",AlloMap
26.0,"0.582 (0.547, 0.547)","0.261 (0.256, 0.256)","0.797 (0.768, 0.768)","0.249 (0.243, 0.243)","0.023 (0.022, 0.022)",AlloMap
27.0,"0.582 (0.547, 0.547)","0.304 (0.298, 0.298)","0.766 (0.750, 0.750)","0.294 (0.284, 0.284)","0.024 (0.022, 0.022)",AlloMap
28.0,"0.582 (0.547, 0.547)","0.354 (0.353, 0.353)","0.733 (0.714, 0.714)","0.345 (0.341, 0.341)","0.025 (0.024, 0.024)",AlloMap
29.0,"0.582 (0.547, 0.547)","0.411 (0.411, 0.411)","0.688 (0.673, 0.673)","0.404 (0.402, 0.402)","0.025 (0.024, 0.024)",AlloMap
30.0,"0.582 (0.547, 0.547)","0.470 (0.473, 0.473)","0.657 (0.618, 0.618)","0.466 (0.466, 0.466)","0.027 (0.026, 0.026)",AlloMap
31.0,"0.582 (0.547, 0.547)","0.540 (0.541, 0.541)","0.597 (0.527, 0.527)","0.539 (0.540, 0.540)","0.028 (0.024, 0.024)",AlloMap
32.0,"0.582 (0.547, 0.547)","0.609 (0.615, 0.615)","0.537 (0.473, 0.473)","0.610 (0.615, 0.615)","0.030 (0.027, 0.027)",AlloMap
33.0,"0.582 (0.547, 0.547)","0.679 (0.684, 0.684)","0.462 (0.418, 0.418)","0.684 (0.686, 0.686)","0.032 (0.028, 0.028)",AlloMap
34.0,"0.582 (0.547, 0.547)","0.751 (0.750, 0.750)","0.365 (0.365, 0.365)","0.760 (0.756, 0.756)","0.033 (0.030, 0.030)",AlloMap
35.0,"0.582 (0.547, 0.547)","0.819 (0.818, 0.818)","0.284 (0.246, 0.246)","0.831 (0.826, 0.826)","0.036 (0.034, 0.034)",AlloMap
36.0,"0.582 (0.547, 0.547)","0.879 (0.877, 0.877)","0.204 (0.192, 0.192)","0.894 (0.892, 0.892)","0.041 (0.036, 0.036)",AlloMap
37.0,"0.582 (0.547, 0.547)","0.927 (0.924, 0.924)","0.108 (0.092, 0.092)","0.946 (0.944, 0.944)","0.042 (0.035, 0.035)",AlloMap
38.0,"0.582 (0.547, 0.547)","0.964 (0.963, 0.963)","0.048 (0.045, 0.045)","0.985 (0.983, 0.983)","0.067 (0.054, 0.054)",AlloMap
39.0,"0.582 (0.547, 0.547)","0.978 (0.977, 0.977)","0.000 (0.000, 0.000)","1.000 (1.000, 1.000)","0.000 (0.000, 0.000)",AlloMap
0.0,"0.647 (0.624, 0.624)","0.022 (0.021, 0.021)","1.000 (1.000, 1.000)","0.000 (0.000, 0.000)","0.022 (0.021, 0.021)",Logistic Regression
0.01,"0.647 (0.624, 0.624)","0.022 (0.021, 0.021)","1.000 (1.000, 1.000)","0.000 (0.000, 0.000)","0.022 (0.021, 0.021)",Logistic Regression
0.02,"0.647 (0.624, 0.624)","0.022 (0.021, 0.021)","1.000 (1.000, 1.000)","0.000 (0.000, 0.000)","0.022 (0.021, 0.021)",Logistic Regression
0.03,"0.647 (0.624, 0.624)","0.022 (0.021, 0.021)","1.000 (1.000, 1.000)","0.000 (0.000, 0.000)","0.022 (0.021, 0.021)",Logistic Regression
0.04,"0.647 (0.624, 0.624)","0.022 (0.021, 0.021)","1.000 (1.000, 1.000)","0.000 (0.000, 0.000)","0.022 (0.021, 0.021)",Logistic Regression
0.05,"0.647 (0.624, 0.624)","0.022 (0.021, 0.021)","1.000 (1.000, 1.000)","0.000 (0.000, 0.000)","0.022 (0.021, 0.021)",Logistic Regression
0.06,"0.647 (0.624, 0.624)","0.022 (0.021, 0.021)","1.000 (1.000, 1.000)","0.000 (0.000, 0.000)","0.022 (0.021, 0.021)",Logistic Regression
0.07,"0.647 (0.624, 0.624)","0.022 (0.021, 0.021)","1.000 (1.000, 1.000)","0.000 (0.000, 0.000)","0.022 (0.021, 0.021)",Logistic Regression
0.08,"0.647 (0.624, 0.624)","0.022 (0.021, 0.021)","1.000 (1.000, 1.000)","0.000 (0.000, 0.000)","0.022 (0.021, 0.021)",Logistic Regression
0.09,"0.647 (0.624, 0.624)","0.022 (0.021, 0.021)","1.000 (1.000, 1.000)","0.000 (0.000, 0.000)","0.022 (0.021, 0.021)",Logistic Regression
0.1,"0.647 (0.624, 0.624)","0.022 (0.021, 0.021)","1.000 (1.000, 1.000)","0.000 (0.000, 0.000)","0.022 (0.021, 0.021)",Logistic Regression
0.11,"0.647 (0.624, 0.624)","0.022 (0.021, 0.021)","1.000 (1.000, 1.000)","0.000 (0.000, 0.000)","0.022 (0.021, 0.021)",Logistic Regression
0.12,"0.647 (0.624, 0.624)","0.022 (0.021, 0.021)","1.000 (1.000, 1.000)","0.000 (0.000, 0.000)","0.022 (0.021, 0.021)",Logistic Regression
0.13,"0.647 (0.624, 0.624)","0.022 (0.021, 0.021)","1.000 (1.000, 1.000)","0.000 (0.000, 0.000)","0.022 (0.021, 0.021)",Logistic Regression
0.14,"0.647 (0.624, 0.624)","0.022 (0.021, 0.021)","1.000 (1.000, 1.000)","0.000 (0.000, 0.000)","0.022 (0.021, 0.021)",Logistic Regression
0.15,"0.647 (0.624, 0.624)","0.022 (0.021, 0.021)","1.000 (1.000, 1.000)","0.000 (0.000, 0.000)","0.022 (0.021, 0.021)",Logistic Regression
0.16,"0.647 (0.624, 0.624)","0.022 (0.021, 0.021)","1.000 (1.000, 1.000)","0.000 (0.000, 0.000)","0.022 (0.021, 0.021)",Logistic Regression
0.17,"0.647 (0.624, 0.624)","0.022 (0.021, 0.021)","1.000 (1.000, 1.000)","0.000 (0.000, 0.000)","0.022 (0.021, 0.021)",Logistic Regression
0.18,"0.647 (0.624, 0.624)","0.022 (0.021, 0.021)","1.000 (1.000, 1.000)","0.000 (0.000, 0.000)","0.022 (0.021, 0.021)",Logistic Regression
0.19,"0.647 (0.624, 0.624)","0.022 (0.021, 0.021)","1.000 (1.000, 1.000)","0.000 (0.000, 0.000)","0.022 (0.021, 0.021)",Logistic Regression
0.2,"0.647 (0.624, 0.624)","0.022 (0.021, 0.021)","1.000 (1.000, 1.000)","0.000 (0.000, 0.000)","0.022 (0.021, 0.021)",Logistic Regression
0.21,"0.647 (0.624, 0.624)","0.022 (0.021, 0.021)","1.000 (1.000, 1.000)","0.000 (0.000, 0.000)","0.022 (0.021, 0.021)",Logistic Regression
0.22,"0.647 (0.624, 0.624)","0.022 (0.021, 0.021)","1.000 (1.000, 1.000)","0.000 (0.000, 0.000)","0.022 (0.021, 0.021)",Logistic Regression
0.23,"0.647 (0.624, 0.624)","0.022 (0.021, 0.021)","1.000 (1.000, 1.000)","0.000 (0.000, 0.000)","0.022 (0.021, 0.021)",Logistic Regression
0.24,"0.647 (0.624, 0.624)","0.022 (0.021, 0.021)","1.000 (1.000, 1.000)","0.000 (0.000, 0.000)","0.022 (0.021, 0.021)",Logistic Regression
0.25,"0.647 (0.624, 0.624)","0.022 (0.021, 0.021)","1.000 (1.000, 1.000)","0.000 (0.000, 0.000)","0.022 (0.021, 0.021)",Logistic Regression
0.26,"0.647 (0.624, 0.624)","0.022 (0.021, 0.021)","1.000 (1.000, 1.000)","0.000 (0.000, 0.000)","0.022 (0.021, 0.021)",Logistic Regression
0.27,"0.647 (0.624, 0.624)","0.022 (0.021, 0.021)","1.000 (1.000, 1.000)","0.000 (0.000, 0.000)","0.022 (0.021, 0.021)",Logistic Regression
0.28,"0.647 (0.624, 0.624)","0.022 (0.021, 0.021)","1.000 (1.000, 1.000)","0.000 (0.000, 0.000)","0.022 (0.021, 0.021)",Logistic Regression
0.29,"0.647 (0.624, 0.624)","0.022 (0.021, 0.021)","1.000 (1.000, 1.000)","0.000 (0.000, 0.000)","0.022 (0.021, 0.021)",Logistic Regression
0.3,"0.647 (0.624, 0.624)","0.022 (0.021, 0.021)","1.000 (1.000, 1.000)","0.000 (0.000, 0.000)","0.022 (0.021, 0.021)",Logistic Regression
0.31,"0.647 (0.624, 0.624)","0.023 (0.022, 0.022)","0.996 (1.000, 1.000)","0.001 (0.001, 0.001)","0.022 (0.021, 0.021)",Logistic Regression
0.32,"0.647 (0.624, 0.624)","0.027 (0.024, 0.024)","0.988 (0.977, 0.977)","0.005 (0.005, 0.005)","0.022 (0.021, 0.021)",Logistic Regression
0.33,"0.647 (0.624, 0.624)","0.035 (0.033, 0.033)","0.981 (0.977, 0.977)","0.013 (0.013, 0.013)","0.022 (0.021, 0.021)",Logistic Regression
0.34,"0.647 (0.624, 0.624)","0.045 (0.044, 0.044)","0.968 (0.946, 0.946)","0.025 (0.024, 0.024)","0.022 (0.021, 0.021)",Logistic Regression
0.35000000000000003,"0.647 (0.624, 0.624)","0.060 (0.059, 0.059)","0.959 (0.945, 0.945)","0.040 (0.038, 0.038)","0.022 (0.022, 0.022)",Logistic Regression
0.36,"0.647 (0.624, 0.624)","0.089 (0.084, 0.084)","0.926 (0.909, 0.909)","0.070 (0.069, 0.069)","0.022 (0.021, 0.021)",Logistic Regression
0.37,"0.647 (0.624, 0.624)","0.132 (0.124, 0.124)","0.889 (0.875, 0.875)","0.115 (0.111, 0.111)","0.022 (0.022, 0.022)",Logistic Regression
0.38,"0.647 (0.624, 0.624)","0.191 (0.185, 0.185)","0.851 (0.839, 0.839)","0.176 (0.174, 0.174)","0.023 (0.022, 0.022)",Logistic Regression
0.39,"0.647 (0.624, 0.624)","0.279 (0.270, 0.270)","0.785 (0.768, 0.768)","0.267 (0.260, 0.260)","0.024 (0.022, 0.022)",Logistic Regression
0.4,"0.647 (0.624, 0.624)","0.388 (0.373, 0.373)","0.748 (0.727, 0.727)","0.380 (0.366, 0.366)","0.026 (0.025, 0.025)",Logistic Regression
0.41000000000000003,"0.647 (0.624, 0.624)","0.509 (0.494, 0.494)","0.692 (0.659, 0.659)","0.504 (0.489, 0.489)","0.031 (0.029, 0.029)",Logistic Regression
0.42,"0.647 (0.624, 0.624)","0.618 (0.601, 0.601)","0.634 (0.618, 0.618)","0.618 (0.601, 0.601)","0.036 (0.034, 0.034)",Logistic Regression
0.43,"0.647 (0.624, 0.624)","0.702 (0.685, 0.685)","0.573 (0.564, 0.564)","0.705 (0.687, 0.687)","0.042 (0.039, 0.039)",Logistic Regression
0.44,"0.647 (0.624, 0.624)","0.757 (0.734, 0.734)","0.513 (0.462, 0.462)","0.762 (0.739, 0.739)","0.047 (0.045, 0.045)",Logistic Regression
0.45,"0.647 (0.624, 0.624)","0.791 (0.771, 0.771)","0.486 (0.455, 0.455)","0.797 (0.777, 0.777)","0.052 (0.049, 0.049)",Logistic Regression
0.46,"0.647 (0.624, 0.624)","0.816 (0.796, 0.796)","0.435 (0.432, 0.432)","0.825 (0.804, 0.804)","0.054 (0.048, 0.048)",Logistic Regression
0.47000000000000003,"0.647 (0.624, 0.624)","0.837 (0.816, 0.816)","0.406 (0.409, 0.409)","0.846 (0.825, 0.825)","0.057 (0.051, 0.051)",Logistic Regression
0.48,"0.647 (0.624, 0.624)","0.852 (0.832, 0.832)","0.376 (0.364, 0.364)","0.863 (0.843, 0.843)","0.060 (0.050, 0.050)",Logistic Regression
0.49,"0.647 (0.624, 0.624)","0.863 (0.845, 0.845)","0.342 (0.341, 0.341)","0.874 (0.857, 0.857)","0.059 (0.052, 0.052)",Logistic Regression
0.5,"0.647 (0.624, 0.624)","0.871 (0.857, 0.857)","0.319 (0.295, 0.295)","0.884 (0.869, 0.869)","0.060 (0.052, 0.052)",Logistic Regression
0.51,"0.647 (0.624, 0.624)","0.878 (0.864, 0.864)","0.306 (0.295, 0.295)","0.891 (0.876, 0.876)","0.061 (0.056, 0.056)",Logistic Regression
0.52,"0.647 (0.624, 0.624)","0.886 (0.874, 0.874)","0.298 (0.295, 0.295)","0.899 (0.886, 0.886)","0.064 (0.050, 0.050)",Logistic Regression
0.53,"0.647 (0.624, 0.624)","0.891 (0.878, 0.878)","0.294 (0.295, 0.295)","0.905 (0.891, 0.891)","0.067 (0.054, 0.054)",Logistic Regression
0.54,"0.647 (0.624, 0.624)","0.897 (0.883, 0.883)","0.294 (0.295, 0.295)","0.910 (0.896, 0.896)","0.071 (0.058, 0.058)",Logistic Regression
0.55,"0.647 (0.624, 0.624)","0.901 (0.890, 0.890)","0.274 (0.273, 0.273)","0.915 (0.904, 0.904)","0.070 (0.061, 0.061)",Logistic Regression
0.56,"0.647 (0.624, 0.624)","0.906 (0.895, 0.895)","0.259 (0.250, 0.250)","0.920 (0.908, 0.908)","0.070 (0.066, 0.066)",Logistic Regression
0.5700000000000001,"0.647 (0.624, 0.624)","0.909 (0.899, 0.899)","0.244 (0.227, 0.227)","0.924 (0.913, 0.913)","0.070 (0.067, 0.067)",Logistic Regression
0.58,"0.647 (0.624, 0.624)","0.913 (0.904, 0.904)","0.230 (0.227, 0.227)","0.928 (0.919, 0.919)","0.070 (0.062, 0.062)",Logistic Regression
0.59,"0.647 (0.624, 0.624)","0.916 (0.908, 0.908)","0.222 (0.218, 0.218)","0.931 (0.923, 0.923)","0.071 (0.061, 0.061)",Logistic Regression
0.6,"0.647 (0.624, 0.624)","0.919 (0.910, 0.910)","0.205 (0.205, 0.205)","0.935 (0.926, 0.926)","0.068 (0.063, 0.063)",Logistic Regression
0.61,"0.647 (0.624, 0.624)","0.921 (0.913, 0.913)","0.194 (0.182, 0.182)","0.937 (0.929, 0.929)","0.068 (0.061, 0.061)",Logistic Regression
0.62,"0.647 (0.624, 0.624)","0.923 (0.916, 0.916)","0.194 (0.182, 0.182)","0.940 (0.932, 0.932)","0.070 (0.063, 0.063)",Logistic Regression
0.63,"0.647 (0.624, 0.624)","0.926 (0.920, 0.920)","0.191 (0.182, 0.182)","0.942 (0.937, 0.937)","0.072 (0.067, 0.067)",Logistic Regression
0.64,"0.647 (0.624, 0.624)","0.928 (0.924, 0.924)","0.187 (0.182, 0.182)","0.945 (0.940, 0.940)","0.073 (0.071, 0.071)",Logistic Regression
0.65,"0.647 (0.624, 0.624)","0.930 (0.927, 0.927)","0.184 (0.169, 0.169)","0.947 (0.943, 0.943)","0.075 (0.074, 0.074)",Logistic Regression
0.66,"0.647 (0.624, 0.624)","0.933 (0.928, 0.928)","0.180 (0.169, 0.169)","0.950 (0.945, 0.945)","0.077 (0.070, 0.070)",Logistic Regression
0.67,"0.647 (0.624, 0.624)","0.935 (0.931, 0.931)","0.173 (0.164, 0.164)","0.952 (0.948, 0.948)","0.077 (0.067, 0.067)",Logistic Regression
0.68,"0.647 (0.624, 0.624)","0.936 (0.933, 0.933)","0.173 (0.164, 0.164)","0.953 (0.951, 0.951)","0.079 (0.070, 0.070)",Logistic Regression
0.6900000000000001,"0.647 (0.624, 0.624)","0.938 (0.935, 0.935)","0.173 (0.164, 0.164)","0.955 (0.952, 0.952)","0.082 (0.073, 0.073)",Logistic Regression
0.7000000000000001,"0.647 (0.624, 0.624)","0.940 (0.937, 0.937)","0.173 (0.164, 0.164)","0.957 (0.954, 0.954)","0.085 (0.076, 0.076)",Logistic Regression
0.71,"0.647 (0.624, 0.624)","0.942 (0.939, 0.939)","0.166 (0.154, 0.154)","0.959 (0.957, 0.957)","0.084 (0.080, 0.080)",Logistic Regression
0.72,"0.647 (0.624, 0.624)","0.943 (0.941, 0.941)","0.163 (0.154, 0.154)","0.961 (0.959, 0.959)","0.086 (0.083, 0.083)",Logistic Regression
0.73,"0.647 (0.624, 0.624)","0.944 (0.942, 0.942)","0.154 (0.154, 0.154)","0.962 (0.960, 0.960)","0.084 (0.073, 0.073)",Logistic Regression
0.74,"0.647 (0.624, 0.624)","0.946 (0.942, 0.942)","0.154 (0.154, 0.154)","0.963 (0.962, 0.962)","0.086 (0.074, 0.074)",Logistic Regression
0.75,"0.647 (0.624, 0.624)","0.946 (0.942, 0.942)","0.143 (0.135, 0.135)","0.964 (0.962, 0.962)","0.082 (0.067, 0.067)",Logistic Regression
0.76,"0.647 (0.624, 0.624)","0.947 (0.943, 0.943)","0.133 (0.125, 0.125)","0.965 (0.963, 0.963)","0.078 (0.070, 0.070)",Logistic Regression
0.77,"0.647 (0.624, 0.624)","0.948 (0.945, 0.945)","0.133 (0.125, 0.125)","0.967 (0.963, 0.963)","0.081 (0.071, 0.071)",Logistic Regression
0.78,"0.647 (0.624, 0.624)","0.949 (0.946, 0.946)","0.129 (0.125, 0.125)","0.968 (0.965, 0.965)","0.083 (0.072, 0.072)",Logistic Regression
0.79,"0.647 (0.624, 0.624)","0.950 (0.947, 0.947)","0.126 (0.107, 0.107)","0.969 (0.968, 0.968)","0.083 (0.073, 0.073)",Logistic Regression
0.8,"0.647 (0.624, 0.624)","0.951 (0.949, 0.949)","0.126 (0.107, 0.107)","0.970 (0.969, 0.969)","0.085 (0.074, 0.074)",Logistic Regression
0.81,"0.647 (0.624, 0.624)","0.952 (0.950, 0.950)","0.118 (0.077, 0.077)","0.971 (0.969, 0.969)","0.081 (0.070, 0.070)",Logistic Regression
0.8200000000000001,"0.647 (0.624, 0.624)","0.952 (0.951, 0.951)","0.110 (0.077, 0.077)","0.971 (0.970, 0.970)","0.078 (0.068, 0.068)",Logistic Regression
0.8300000000000001,"0.647 (0.624, 0.624)","0.954 (0.951, 0.951)","0.110 (0.077, 0.077)","0.973 (0.970, 0.970)","0.082 (0.074, 0.074)",Logistic Regression
0.84,"0.647 (0.624, 0.624)","0.955 (0.951, 0.951)","0.106 (0.077, 0.077)","0.974 (0.971, 0.971)","0.083 (0.074, 0.074)",Logistic Regression
0.85,"0.647 (0.624, 0.624)","0.956 (0.954, 0.954)","0.106 (0.077, 0.077)","0.975 (0.972, 0.972)","0.085 (0.080, 0.080)",Logistic Regression
0.86,"0.647 (0.624, 0.624)","0.957 (0.955, 0.955)","0.103 (0.077, 0.077)","0.976 (0.972, 0.972)","0.086 (0.069, 0.069)",Logistic Regression
0.87,"0.647 (0.624, 0.624)","0.957 (0.956, 0.956)","0.095 (0.077, 0.077)","0.977 (0.974, 0.974)","0.083 (0.075, 0.075)",Logistic Regression
0.88,"0.647 (0.624, 0.624)","0.958 (0.957, 0.957)","0.091 (0.077, 0.077)","0.978 (0.976, 0.976)","0.083 (0.078, 0.078)",Logistic Regression
0.89,"0.647 (0.624, 0.624)","0.959 (0.958, 0.958)","0.091 (0.077, 0.077)","0.979 (0.976, 0.976)","0.085 (0.081, 0.081)",Logistic Regression
0.9,"0.647 (0.624, 0.624)","0.961 (0.959, 0.959)","0.091 (0.077, 0.077)","0.980 (0.977, 0.977)","0.091 (0.083, 0.083)",Logistic Regression
0.91,"0.647 (0.624, 0.624)","0.962 (0.959, 0.959)","0.084 (0.062, 0.062)","0.981 (0.978, 0.978)","0.088 (0.088, 0.088)",Logistic Regression
0.92,"0.647 (0.624, 0.624)","0.963 (0.961, 0.961)","0.080 (0.062, 0.062)","0.983 (0.980, 0.980)","0.092 (0.075, 0.075)",Logistic Regression
0.93,"0.647 (0.624, 0.624)","0.963 (0.961, 0.961)","0.077 (0.055, 0.055)","0.983 (0.981, 0.981)","0.091 (0.058, 0.058)",Logistic Regression
0.9400000000000001,"0.647 (0.624, 0.624)","0.965 (0.963, 0.963)","0.077 (0.055, 0.055)","0.985 (0.983, 0.983)","0.097 (0.061, 0.061)",Logistic Regression
0.9500000000000001,"0.647 (0.624, 0.624)","0.966 (0.964, 0.964)","0.077 (0.055, 0.055)","0.986 (0.985, 0.985)","0.103 (0.065, 0.065)",Logistic Regression
0.96,"0.647 (0.624, 0.624)","0.967 (0.965, 0.965)","0.073 (0.055, 0.055)","0.987 (0.987, 0.987)","0.108 (0.071, 0.071)",Logistic Regression
0.97,"0.647 (0.624, 0.624)","0.968 (0.966, 0.966)","0.066 (0.046, 0.046)","0.988 (0.989, 0.989)","0.107 (0.075, 0.075)",Logistic Regression
0.98,"0.647 (0.624, 0.624)","0.969 (0.967, 0.967)","0.058 (0.036, 0.036)","0.990 (0.989, 0.989)","0.107 (0.083, 0.083)",Logistic Regression
0.99,"0.647 (0.624, 0.624)","0.971 (0.969, 0.969)","0.050 (0.036, 0.036)","0.992 (0.992, 0.992)","0.119 (0.105, 0.105)",Logistic Regression
1.0,"0.647 (0.624, 0.624)","0.978 (0.977, 0.977)","0.000 (0.000, 0.000)","1.000 (1.000, 1.000)","0.000 (0.000, 0.000)",Logistic Regression
1.01,"0.647 (0.624, 0.624)","0.978 (0.977, 0.977)","0.000 (0.000, 0.000)","1.000 (1.000, 1.000)","0.000 (0.000, 0.000)",Logistic Regression
0.0,"0.688 (0.661, 0.661)","0.022 (0.021, 0.021)","1.000 (1.000, 1.000)","0.000 (0.000, 0.000)","0.022 (0.021, 0.021)",Logistic Regression w/ rej
0.01,"0.688 (0.661, 0.661)","0.022 (0.021, 0.021)","1.000 (1.000, 1.000)","0.000 (0.000, 0.000)","0.022 (0.021, 0.021)",Logistic Regression w/ rej
0.02,"0.688 (0.661, 0.661)","0.022 (0.021, 0.021)","1.000 (1.000, 1.000)","0.000 (0.000, 0.000)","0.022 (0.021, 0.021)",Logistic Regression w/ rej
0.03,"0.688 (0.661, 0.661)","0.022 (0.021, 0.021)","1.000 (1.000, 1.000)","0.000 (0.000, 0.000)","0.022 (0.021, 0.021)",Logistic Regression w/ rej
0.04,"0.688 (0.661, 0.661)","0.022 (0.021, 0.021)","1.000 (1.000, 1.000)","0.000 (0.000, 0.000)","0.022 (0.021, 0.021)",Logistic Regression w/ rej
0.05,"0.688 (0.661, 0.661)","0.022 (0.021, 0.021)","1.000 (1.000, 1.000)","0.000 (0.000, 0.000)","0.022 (0.021, 0.021)",Logistic Regression w/ rej
0.06,"0.688 (0.661, 0.661)","0.022 (0.021, 0.021)","1.000 (1.000, 1.000)","0.000 (0.000, 0.000)","0.022 (0.021, 0.021)",Logistic Regression w/ rej
0.07,"0.688 (0.661, 0.661)","0.022 (0.021, 0.021)","1.000 (1.000, 1.000)","0.000 (0.000, 0.000)","0.022 (0.021, 0.021)",Logistic Regression w/ rej
0.08,"0.688 (0.661, 0.661)","0.022 (0.021, 0.021)","1.000 (1.000, 1.000)","0.000 (0.000, 0.000)","0.022 (0.021, 0.021)",Logistic Regression w/ rej
0.09,"0.688 (0.661, 0.661)","0.022 (0.021, 0.021)","1.000 (1.000, 1.000)","0.000 (0.000, 0.000)","0.022 (0.021, 0.021)",Logistic Regression w/ rej
0.1,"0.688 (0.661, 0.661)","0.022 (0.021, 0.021)","1.000 (1.000, 1.000)","0.000 (0.000, 0.000)","0.022 (0.021, 0.021)",Logistic Regression w/ rej
0.11,"0.688 (0.661, 0.661)","0.022 (0.021, 0.021)","1.000 (1.000, 1.000)","0.000 (0.000, 0.000)","0.022 (0.021, 0.021)",Logistic Regression w/ rej
0.12,"0.688 (0.661, 0.661)","0.025 (0.024, 0.024)","0.997 (1.000, 1.000)","0.003 (0.002, 0.002)","0.022 (0.021, 0.021)",Logistic Regression w/ rej
0.13,"0.688 (0.661, 0.661)","0.064 (0.062, 0.062)","0.979 (0.969, 0.969)","0.043 (0.043, 0.043)","0.022 (0.021, 0.021)",Logistic Regression w/ rej
0.14,"0.688 (0.661, 0.661)","0.114 (0.114, 0.114)","0.939 (0.927, 0.927)","0.096 (0.093, 0.093)","0.023 (0.022, 0.022)",Logistic Regression w/ rej
0.15,"0.688 (0.661, 0.661)","0.146 (0.146, 0.146)","0.905 (0.904, 0.904)","0.129 (0.129, 0.129)","0.023 (0.021, 0.021)",Logistic Regression w/ rej
0.16,"0.688 (0.661, 0.661)","0.159 (0.159, 0.159)","0.889 (0.875, 0.875)","0.143 (0.143, 0.143)","0.023 (0.022, 0.022)",Logistic Regression w/ rej
0.17,"0.688 (0.661, 0.661)","0.163 (0.163, 0.163)","0.881 (0.864, 0.864)","0.146 (0.147, 0.147)","0.023 (0.021, 0.021)",Logistic Regression w/ rej
0.18,"0.688 (0.661, 0.661)","0.165 (0.165, 0.165)","0.881 (0.864, 0.864)","0.149 (0.149, 0.149)","0.023 (0.022, 0.022)",Logistic Regression w/ rej
0.19,"0.688 (0.661, 0.661)","0.167 (0.166, 0.166)","0.881 (0.864, 0.864)","0.151 (0.150, 0.150)","0.023 (0.022, 0.022)",Logistic Regression w/ rej
0.2,"0.688 (0.661, 0.661)","0.168 (0.168, 0.168)","0.878 (0.864, 0.864)","0.152 (0.151, 0.151)","0.023 (0.022, 0.022)",Logistic Regression w/ rej
0.21,"0.688 (0.661, 0.661)","0.169 (0.168, 0.168)","0.878 (0.864, 0.864)","0.153 (0.153, 0.153)","0.023 (0.022, 0.022)",Logistic Regression w/ rej
0.22,"0.688 (0.661, 0.661)","0.169 (0.169, 0.169)","0.874 (0.857, 0.857)","0.154 (0.154, 0.154)","0.023 (0.022, 0.022)",Logistic Regression w/ rej
0.23,"0.688 (0.661, 0.661)","0.170 (0.170, 0.170)","0.874 (0.857, 0.857)","0.154 (0.154, 0.154)","0.023 (0.022, 0.022)",Logistic Regression w/ rej
0.24,"0.688 (0.661, 0.661)","0.170 (0.170, 0.170)","0.874 (0.857, 0.857)","0.155 (0.154, 0.154)","0.023 (0.022, 0.022)",Logistic Regression w/ rej
0.25,"0.688 (0.661, 0.661)","0.171 (0.170, 0.170)","0.874 (0.857, 0.857)","0.155 (0.154, 0.154)","0.023 (0.022, 0.022)",Logistic Regression w/ rej
0.26,"0.688 (0.661, 0.661)","0.171 (0.170, 0.170)","0.869 (0.857, 0.857)","0.155 (0.154, 0.154)","0.023 (0.022, 0.022)",Logistic Regression w/ rej
0.27,"0.688 (0.661, 0.661)","0.171 (0.170, 0.170)","0.869 (0.857, 0.857)","0.155 (0.154, 0.154)","0.023 (0.022, 0.022)",Logistic Regression w/ rej
0.28,"0.688 (0.661, 0.661)","0.172 (0.171, 0.171)","0.869 (0.857, 0.857)","0.156 (0.155, 0.155)","0.023 (0.022, 0.022)",Logistic Regression w/ rej
0.29,"0.688 (0.661, 0.661)","0.186 (0.184, 0.184)","0.866 (0.839, 0.839)","0.171 (0.169, 0.169)","0.023 (0.022, 0.022)",Logistic Regression w/ rej
0.3,"0.688 (0.661, 0.661)","0.279 (0.277, 0.277)","0.833 (0.821, 0.821)","0.266 (0.263, 0.263)","0.025 (0.023, 0.023)",Logistic Regression w/ rej
0.31,"0.688 (0.661, 0.661)","0.436 (0.420, 0.420)","0.757 (0.712, 0.712)","0.428 (0.411, 0.411)","0.029 (0.026, 0.026)",Logistic Regression w/ rej
0.32,"0.688 (0.661, 0.661)","0.590 (0.561, 0.561)","0.664 (0.615, 0.615)","0.588 (0.560, 0.560)","0.035 (0.033, 0.033)",Logistic Regression w/ rej
0.33,"0.688 (0.661, 0.661)","0.696 (0.670, 0.670)","0.602 (0.568, 0.568)","0.698 (0.670, 0.670)","0.043 (0.039, 0.039)",Logistic Regression w/ rej
0.34,"0.688 (0.661, 0.661)","0.766 (0.744, 0.744)","0.570 (0.545, 0.545)","0.770 (0.746, 0.746)","0.053 (0.049, 0.049)",Logistic Regression w/ rej
0.35000000000000003,"0.688 (0.661, 0.661)","0.808 (0.785, 0.785)","0.539 (0.477, 0.477)","0.814 (0.791, 0.791)","0.062 (0.059, 0.059)",Logistic Regression w/ rej
0.36,"0.688 (0.661, 0.661)","0.834 (0.813, 0.813)","0.493 (0.455, 0.455)","0.841 (0.819, 0.819)","0.066 (0.065, 0.065)",Logistic Regression w/ rej
0.37,"0.688 (0.661, 0.661)","0.849 (0.836, 0.836)","0.461 (0.432, 0.432)","0.858 (0.842, 0.842)","0.069 (0.069, 0.069)",Logistic Regression w/ rej
0.38,"0.688 (0.661, 0.661)","0.862 (0.847, 0.847)","0.445 (0.409, 0.409)","0.871 (0.854, 0.854)","0.073 (0.071, 0.071)",Logistic Regression w/ rej
0.39,"0.688 (0.661, 0.661)","0.871 (0.858, 0.858)","0.434 (0.386, 0.386)","0.881 (0.866, 0.866)","0.077 (0.077, 0.077)",Logistic Regression w/ rej
0.4,"0.688 (0.661, 0.661)","0.878 (0.867, 0.867)","0.430 (0.386, 0.386)","0.888 (0.875, 0.875)","0.081 (0.081, 0.081)",Logistic Regression w/ rej
0.41000000000000003,"0.688 (0.661, 0.661)","0.883 (0.875, 0.875)","0.413 (0.365, 0.365)","0.894 (0.884, 0.884)","0.082 (0.086, 0.086)",Logistic Regression w/ rej
0.42,"0.688 (0.661, 0.661)","0.888 (0.881, 0.881)","0.406 (0.365, 0.365)","0.899 (0.890, 0.890)","0.085 (0.091, 0.091)",Logistic Regression w/ rej
0.43,"0.688 (0.661, 0.661)","0.894 (0.886, 0.886)","0.402 (0.364, 0.364)","0.905 (0.895, 0.895)","0.089 (0.092, 0.092)",Logistic Regression w/ rej
0.44,"0.688 (0.661, 0.661)","0.897 (0.889, 0.889)","0.384 (0.364, 0.364)","0.909 (0.899, 0.899)","0.089 (0.090, 0.090)",Logistic Regression w/ rej
0.45,"0.688 (0.661, 0.661)","0.902 (0.895, 0.895)","0.380 (0.364, 0.364)","0.913 (0.905, 0.905)","0.092 (0.093, 0.093)",Logistic Regression w/ rej
0.46,"0.688 (0.661, 0.661)","0.905 (0.898, 0.898)","0.377 (0.364, 0.364)","0.917 (0.909, 0.909)","0.094 (0.095, 0.095)",Logistic Regression w/ rej
0.47000000000000003,"0.688 (0.661, 0.661)","0.907 (0.900, 0.900)","0.366 (0.357, 0.357)","0.919 (0.912, 0.912)","0.095 (0.094, 0.094)",Logistic Regression w/ rej
0.48,"0.688 (0.661, 0.661)","0.910 (0.903, 0.903)","0.363 (0.357, 0.357)","0.922 (0.915, 0.915)","0.097 (0.097, 0.097)",Logistic Regression w/ rej
0.49,"0.688 (0.661, 0.661)","0.913 (0.909, 0.909)","0.360 (0.357, 0.357)","0.925 (0.920, 0.920)","0.100 (0.103, 0.103)",Logistic Regression w/ rej
0.5,"0.688 (0.661, 0.661)","0.915 (0.911, 0.911)","0.360 (0.357, 0.357)","0.928 (0.922, 0.922)","0.103 (0.104, 0.104)",Logistic Regression w/ rej
0.51,"0.688 (0.661, 0.661)","0.918 (0.914, 0.914)","0.353 (0.338, 0.338)","0.930 (0.926, 0.926)","0.104 (0.105, 0.105)",Logistic Regression w/ rej
0.52,"0.688 (0.661, 0.661)","0.920 (0.916, 0.916)","0.350 (0.338, 0.338)","0.933 (0.929, 0.929)","0.106 (0.106, 0.106)",Logistic Regression w/ rej
0.53,"0.688 (0.661, 0.661)","0.922 (0.921, 0.921)","0.346 (0.338, 0.338)","0.935 (0.934, 0.934)","0.109 (0.109, 0.109)",Logistic Regression w/ rej
0.54,"0.688 (0.661, 0.661)","0.924 (0.922, 0.922)","0.343 (0.338, 0.338)","0.937 (0.935, 0.935)","0.110 (0.111, 0.111)",Logistic Regression w/ rej
0.55,"0.688 (0.661, 0.661)","0.926 (0.925, 0.925)","0.343 (0.338, 0.338)","0.939 (0.938, 0.938)","0.114 (0.113, 0.113)",Logistic Regression w/ rej
0.56,"0.688 (0.661, 0.661)","0.929 (0.927, 0.927)","0.336 (0.321, 0.321)","0.942 (0.941, 0.941)","0.116 (0.120, 0.120)",Logistic Regression w/ rej
0.5700000000000001,"0.688 (0.661, 0.661)","0.932 (0.929, 0.929)","0.325 (0.308, 0.308)","0.946 (0.944, 0.944)","0.119 (0.123, 0.123)",Logistic Regression w/ rej
0.58,"0.688 (0.661, 0.661)","0.935 (0.931, 0.931)","0.299 (0.286, 0.286)","0.949 (0.946, 0.946)","0.117 (0.121, 0.121)",Logistic Regression w/ rej
0.59,"0.688 (0.661, 0.661)","0.937 (0.934, 0.934)","0.269 (0.250, 0.250)","0.952 (0.950, 0.950)","0.113 (0.119, 0.119)",Logistic Regression w/ rej
0.6,"0.688 (0.661, 0.661)","0.940 (0.936, 0.936)","0.256 (0.215, 0.215)","0.955 (0.954, 0.954)","0.115 (0.108, 0.108)",Logistic Regression w/ rej
0.61,"0.688 (0.661, 0.661)","0.942 (0.940, 0.940)","0.226 (0.192, 0.192)","0.958 (0.955, 0.955)","0.107 (0.094, 0.094)",Logistic Regression w/ rej
0.62,"0.688 (0.661, 0.661)","0.943 (0.941, 0.941)","0.206 (0.192, 0.192)","0.960 (0.958, 0.958)","0.105 (0.100, 0.100)",Logistic Regression w/ rej
0.63,"0.688 (0.661, 0.661)","0.945 (0.943, 0.943)","0.195 (0.179, 0.179)","0.962 (0.959, 0.959)","0.104 (0.103, 0.103)",Logistic Regression w/ rej
0.64,"0.688 (0.661, 0.661)","0.947 (0.943, 0.943)","0.178 (0.154, 0.154)","0.964 (0.961, 0.961)","0.100 (0.092, 0.092)",Logistic Regression w/ rej
0.65,"0.688 (0.661, 0.661)","0.947 (0.944, 0.944)","0.170 (0.143, 0.143)","0.965 (0.963, 0.963)","0.098 (0.096, 0.096)",Logistic Regression w/ rej
0.66,"0.688 (0.661, 0.661)","0.948 (0.945, 0.945)","0.164 (0.143, 0.143)","0.966 (0.964, 0.964)","0.097 (0.099, 0.099)",Logistic Regression w/ rej
0.67,"0.688 (0.661, 0.661)","0.949 (0.945, 0.945)","0.160 (0.143, 0.143)","0.967 (0.966, 0.966)","0.098 (0.094, 0.094)",Logistic Regression w/ rej
0.68,"0.688 (0.661, 0.661)","0.950 (0.947, 0.947)","0.152 (0.125, 0.125)","0.968 (0.966, 0.966)","0.095 (0.092, 0.092)",Logistic Regression w/ rej
0.6900000000000001,"0.688 (0.661, 0.661)","0.951 (0.948, 0.948)","0.149 (0.125, 0.125)","0.969 (0.966, 0.966)","0.096 (0.093, 0.093)",Logistic Regression w/ rej
0.7000000000000001,"0.688 (0.661, 0.661)","0.951 (0.949, 0.949)","0.138 (0.115, 0.115)","0.970 (0.968, 0.968)","0.092 (0.082, 0.082)",Logistic Regression w/ rej
0.71,"0.688 (0.661, 0.661)","0.952 (0.949, 0.949)","0.138 (0.115, 0.115)","0.970 (0.968, 0.968)","0.094 (0.086, 0.086)",Logistic Regression w/ rej
0.72,"0.688 (0.661, 0.661)","0.953 (0.950, 0.950)","0.133 (0.115, 0.115)","0.972 (0.968, 0.968)","0.096 (0.090, 0.090)",Logistic Regression w/ rej
0.73,"0.688 (0.661, 0.661)","0.954 (0.951, 0.951)","0.127 (0.108, 0.108)","0.972 (0.969, 0.969)","0.093 (0.091, 0.091)",Logistic Regression w/ rej
0.74,"0.688 (0.661, 0.661)","0.954 (0.952, 0.952)","0.127 (0.108, 0.108)","0.973 (0.971, 0.971)","0.095 (0.091, 0.091)",Logistic Regression w/ rej
0.75,"0.688 (0.661, 0.661)","0.955 (0.953, 0.953)","0.122 (0.108, 0.108)","0.974 (0.971, 0.971)","0.097 (0.097, 0.097)",Logistic Regression w/ rej
0.76,"0.688 (0.661, 0.661)","0.956 (0.953, 0.953)","0.122 (0.108, 0.108)","0.975 (0.972, 0.972)","0.100 (0.100, 0.100)",Logistic Regression w/ rej
0.77,"0.688 (0.661, 0.661)","0.956 (0.954, 0.954)","0.122 (0.108, 0.108)","0.975 (0.972, 0.972)","0.101 (0.100, 0.100)",Logistic Regression w/ rej
0.78,"0.688 (0.661, 0.661)","0.957 (0.955, 0.955)","0.119 (0.108, 0.108)","0.976 (0.973, 0.973)","0.100 (0.086, 0.086)",Logistic Regression w/ rej
0.79,"0.688 (0.661, 0.661)","0.958 (0.956, 0.956)","0.119 (0.108, 0.108)","0.977 (0.975, 0.975)","0.104 (0.089, 0.089)",Logistic Regression w/ rej
0.8,"0.688 (0.661, 0.661)","0.959 (0.957, 0.957)","0.112 (0.092, 0.092)","0.978 (0.976, 0.976)","0.101 (0.096, 0.096)",Logistic Regression w/ rej
0.81,"0.688 (0.661, 0.661)","0.959 (0.957, 0.957)","0.105 (0.077, 0.077)","0.978 (0.976, 0.976)","0.097 (0.082, 0.082)",Logistic Regression w/ rej
0.8200000000000001,"0.688 (0.661, 0.661)","0.960 (0.957, 0.957)","0.102 (0.077, 0.077)","0.979 (0.977, 0.977)","0.097 (0.085, 0.085)",Logistic Regression w/ rej
0.8300000000000001,"0.688 (0.661, 0.661)","0.960 (0.958, 0.958)","0.102 (0.077, 0.077)","0.980 (0.977, 0.977)","0.100 (0.088, 0.088)",Logistic Regression w/ rej
0.84,"0.688 (0.661, 0.661)","0.961 (0.959, 0.959)","0.098 (0.077, 0.077)","0.981 (0.977, 0.977)","0.101 (0.094, 0.094)",Logistic Regression w/ rej
0.85,"0.688 (0.661, 0.661)","0.963 (0.959, 0.959)","0.084 (0.062, 0.062)","0.982 (0.979, 0.979)","0.093 (0.074, 0.074)",Logistic Regression w/ rej
0.86,"0.688 (0.661, 0.661)","0.963 (0.959, 0.959)","0.084 (0.062, 0.062)","0.983 (0.980, 0.980)","0.095 (0.079, 0.079)",Logistic Regression w/ rej
0.87,"0.688 (0.661, 0.661)","0.963 (0.961, 0.961)","0.077 (0.055, 0.055)","0.983 (0.980, 0.980)","0.089 (0.058, 0.058)",Logistic Regression w/ rej
0.88,"0.688 (0.661, 0.661)","0.964 (0.962, 0.962)","0.077 (0.055, 0.055)","0.984 (0.981, 0.981)","0.094 (0.060, 0.060)",Logistic Regression w/ rej
0.89,"0.688 (0.661, 0.661)","0.965 (0.963, 0.963)","0.077 (0.055, 0.055)","0.985 (0.983, 0.983)","0.098 (0.064, 0.064)",Logistic Regression w/ rej
0.9,"0.688 (0.661, 0.661)","0.966 (0.963, 0.963)","0.077 (0.055, 0.055)","0.986 (0.985, 0.985)","0.103 (0.064, 0.064)",Logistic Regression w/ rej
0.91,"0.688 (0.661, 0.661)","0.966 (0.964, 0.964)","0.069 (0.036, 0.036)","0.987 (0.986, 0.986)","0.099 (0.065, 0.065)",Logistic Regression w/ rej
0.92,"0.688 (0.661, 0.661)","0.967 (0.965, 0.965)","0.069 (0.036, 0.036)","0.987 (0.987, 0.987)","0.106 (0.069, 0.069)",Logistic Regression w/ rej
0.93,"0.688 (0.661, 0.661)","0.968 (0.965, 0.965)","0.069 (0.036, 0.036)","0.988 (0.988, 0.988)","0.109 (0.069, 0.069)",Logistic Regression w/ rej
0.9400000000000001,"0.688 (0.661, 0.661)","0.968 (0.967, 0.967)","0.066 (0.036, 0.036)","0.988 (0.988, 0.988)","0.108 (0.071, 0.071)",Logistic Regression w/ rej
0.9500000000000001,"0.688 (0.661, 0.661)","0.969 (0.967, 0.967)","0.066 (0.036, 0.036)","0.989 (0.989, 0.989)","0.114 (0.077, 0.077)",Logistic Regression w/ rej
0.96,"0.688 (0.661, 0.661)","0.969 (0.967, 0.967)","0.056 (0.036, 0.036)","0.990 (0.990, 0.990)","0.111 (0.087, 0.087)",Logistic Regression w/ rej
0.97,"0.688 (0.661, 0.661)","0.970 (0.969, 0.969)","0.053 (0.036, 0.036)","0.991 (0.990, 0.990)","0.115 (0.091, 0.091)",Logistic Regression w/ rej
0.98,"0.688 (0.661, 0.661)","0.971 (0.970, 0.970)","0.050 (0.036, 0.036)","0.992 (0.992, 0.992)","0.126 (0.118, 0.118)",Logistic Regression w/ rej
0.99,"0.688 (0.661, 0.661)","0.973 (0.970, 0.970)","0.038 (0.031, 0.031)","0.994 (0.993, 0.993)","0.121 (0.111, 0.111)",Logistic Regression w/ rej
1.0,"0.688 (0.661, 0.661)","0.978 (0.977, 0.977)","0.000 (0.000, 0.000)","1.000 (1.000, 1.000)","0.000 (0.000, 0.000)",Logistic Regression w/ rej
1.01,"0.688 (0.661, 0.661)","0.978 (0.977, 0.977)","0.000 (0.000, 0.000)","1.000 (1.000, 1.000)","0.000 (0.000, 0.000)",Logistic Regression w/ rej
