Fold,Epoch,Train_Loss,Val_Loss
1,1,0.7212820649147034,0.7150387763977051
1,2,0.7162179350852966,0.7100095748901367
1,3,0.7110524773597717,0.7049099206924438
1,4,0.7058645486831665,0.6997248530387878
1,5,0.7004911303520203,0.6944367289543152
1,6,0.694837212562561,0.6890271306037903
1,7,0.6889762878417969,0.6834748983383179
1,8,0.6833834648132324,0.6777571439743042
1,9,0.6772406101226807,0.6718467473983765
1,10,0.6709343194961548,0.6657142043113708
1,11,0.6647030115127563,0.6593241691589355
1,12,0.658219039440155,0.6526373624801636
1,13,0.6512879729270935,0.6456082463264465
1,14,0.6433699131011963,0.6381848454475403
1,15,0.6353639960289001,0.6303094625473022
1,16,0.6274443864822388,0.6219182014465332
1,17,0.6185848116874695,0.6129379272460938
1,18,0.6086305379867554,0.6032888293266296
1,19,0.5986387133598328,0.5928829312324524
1,20,0.5870386362075806,0.5816296339035034
1,21,0.5749571919441223,0.5694435238838196
1,22,0.5620926022529602,0.5562642812728882
1,23,0.5471011400222778,0.5420885682106018
1,24,0.5316277146339417,0.5270227193832397
1,25,0.5152626633644104,0.5113398432731628
1,26,0.49780434370040894,0.49549394845962524
1,27,0.47987329959869385,0.480048269033432
1,28,0.4614773988723755,0.46552491188049316
1,29,0.44573643803596497,0.45228448510169983
1,30,0.4286896586418152,0.44047439098358154
1,31,0.41451743245124817,0.430094450712204
1,32,0.40215590596199036,0.42105990648269653
1,33,0.38968566060066223,0.4132559597492218
1,34,0.38051825761795044,0.4065641164779663
1,35,0.3717731237411499,0.4008602797985077
1,36,0.3633488714694977,0.39601221680641174
1,37,0.357140451669693,0.3918778598308563
1,38,0.35176393389701843,0.38832613825798035
1,39,0.34534695744514465,0.3852245509624481
1,40,0.3418271243572235,0.3824673295021057
1,41,0.33733615279197693,0.37996184825897217
1,42,0.3328220546245575,0.3776388168334961
1,43,0.33106791973114014,0.37543734908103943
1,44,0.3281342387199402,0.37331441044807434
1,45,0.32396140694618225,0.37123650312423706
1,46,0.3210373818874359,0.36918124556541443
1,47,0.31884801387786865,0.36713138222694397
1,48,0.3166092336177826,0.36506760120391846
1,49,0.31254860758781433,0.3629835844039917
1,50,0.3108677268028259,0.3608715236186981
1,51,0.3097228705883026,0.35872882604599
1,52,0.3073277771472931,0.35655391216278076
1,53,0.30396488308906555,0.35435354709625244
1,54,0.3032887578010559,0.35212624073028564
1,55,0.30076849460601807,0.349877268075943
1,56,0.29925456643104553,0.34761103987693787
1,57,0.2953891456127167,0.3453390598297119
1,58,0.29441872239112854,0.34306055307388306
1,59,0.29105451703071594,0.3407824635505676
1,60,0.2897254228591919,0.3385084569454193
1,61,0.28634801506996155,0.33624690771102905
1,62,0.2862060070037842,0.3339967727661133
1,63,0.28277820348739624,0.3317648768424988
1,64,0.28417477011680603,0.3295494616031647
1,65,0.282089501619339,0.3273550570011139
1,66,0.2798914313316345,0.32518503069877625
1,67,0.2770146429538727,0.32304757833480835
1,68,0.27618101239204407,0.3209400475025177
1,69,0.275451123714447,0.31886181235313416
1,70,0.2737055718898773,0.31681370735168457
1,71,0.27132949233055115,0.31480106711387634
1,72,0.27041950821876526,0.3128230571746826
1,73,0.26780784130096436,0.3108849823474884
1,74,0.2677503526210785,0.3089803457260132
1,75,0.2649783492088318,0.3071145713329315
1,76,0.262843519449234,0.3052888512611389
1,77,0.2622157037258148,0.3035014271736145
1,78,0.2605965733528137,0.30175498127937317
1,79,0.2601008415222168,0.30004772543907166
1,80,0.25926071405410767,0.2983780801296234
1,81,0.25725921988487244,0.2967497706413269
1,82,0.2556617856025696,0.29516151547431946
1,83,0.2566538155078888,0.29360759258270264
1,84,0.25412219762802124,0.29209309816360474
1,85,0.2536967694759369,0.2906152009963989
1,86,0.2530782222747803,0.2891709804534912
1,87,0.25209933519363403,0.2877589166164398
1,88,0.2472226917743683,0.28638502955436707
1,89,0.24750947952270508,0.2850446105003357
1,90,0.24579519033432007,0.2837398648262024
1,91,0.24535305798053741,0.2824711799621582
1,92,0.2449648082256317,0.28123101592063904
1,93,0.24341490864753723,0.2800205647945404
1,94,0.2425079196691513,0.27883559465408325
1,95,0.24118997156620026,0.27767884731292725
1,96,0.23993262648582458,0.27655136585235596
1,97,0.23995639383792877,0.2754483222961426
1,98,0.2385474443435669,0.27436989545822144
1,99,0.23672689497470856,0.2733147442340851
1,100,0.23593147099018097,0.27228501439094543
1,101,0.23378100991249084,0.27128103375434875
1,102,0.234345480799675,0.27029457688331604
1,103,0.23353718221187592,0.2693313956260681
1,104,0.23131512105464935,0.26839035749435425
1,105,0.23123496770858765,0.2674715518951416
1,106,0.22974292933940887,0.2665742337703705
1,107,0.2297554314136505,0.2656884789466858
1,108,0.22835814952850342,0.26481950283050537
1,109,0.2272261381149292,0.2639695107936859
1,110,0.22789233922958374,0.2631303369998932
1,111,0.22541724145412445,0.2622995376586914
1,112,0.22677432000637054,0.2614726722240448
1,113,0.2240155041217804,0.2606492340564728
1,114,0.2244768887758255,0.25982949137687683
1,115,0.22407084703445435,0.259010910987854
1,116,0.22327682375907898,0.25819969177246094
1,117,0.22125746309757233,0.25740110874176025
1,118,0.22026187181472778,0.256611168384552
1,119,0.21976128220558167,0.2558331787586212
1,120,0.22011415660381317,0.2550663650035858
1,121,0.21954132616519928,0.2543046176433563
1,122,0.21794955432415009,0.2535509765148163
1,123,0.21579143404960632,0.2528163492679596
1,124,0.2151203751564026,0.25210022926330566
1,125,0.21600176393985748,0.2513996958732605
1,126,0.21553121507167816,0.25072553753852844
1,127,0.2148732841014862,0.2500666677951813
1,128,0.2130974382162094,0.2494286596775055
1,129,0.21362479031085968,0.24880453944206238
1,130,0.2138422578573227,0.24819862842559814
1,131,0.21235141158103943,0.24760781228542328
1,132,0.21223531663417816,0.24702732264995575
1,133,0.2115258276462555,0.24645812809467316
1,134,0.21056446433067322,0.2459179013967514
1,135,0.21014750003814697,0.24539607763290405
1,136,0.21062612533569336,0.2448776215314865
1,137,0.21034741401672363,0.2443736493587494
1,138,0.2093740850687027,0.24385151267051697
1,139,0.20974397659301758,0.24332867562770844
1,140,0.20674261450767517,0.24283668398857117
1,141,0.20763710141181946,0.24235239624977112
1,142,0.20760579407215118,0.2418597936630249
1,143,0.20708313584327698,0.24137723445892334
1,144,0.20566396415233612,0.24093098938465118
1,145,0.2061592936515808,0.24046631157398224
1,146,0.205018550157547,0.24000190198421478
1,147,0.20497514307498932,0.23955221474170685
1,148,0.20376262068748474,0.23910357058048248
1,149,0.20362645387649536,0.2386346012353897
1,150,0.2030547857284546,0.2381555140018463
1,151,0.20341461896896362,0.23766882717609406
1,152,0.20161263644695282,0.23720596730709076
1,153,0.20112726092338562,0.23676171898841858
1,154,0.20122960209846497,0.23630547523498535
1,155,0.20006106793880463,0.23584525287151337
1,156,0.2006010264158249,0.23536789417266846
1,157,0.1997004747390747,0.23491479456424713
1,158,0.19960536062717438,0.23445916175842285
1,159,0.19808346033096313,0.23399612307548523
1,160,0.19867601990699768,0.23352421820163727
1,161,0.1979389637708664,0.23306623101234436
1,162,0.19812428951263428,0.23261064291000366
1,163,0.1975855827331543,0.23213931918144226
1,164,0.19628770649433136,0.23165182769298553
1,165,0.19578975439071655,0.23117807507514954
1,166,0.19703686237335205,0.23069439828395844
1,167,0.19599060714244843,0.23024240136146545
1,168,0.19495078921318054,0.22978827357292175
1,169,0.1937524825334549,0.22937273979187012
1,170,0.19512483477592468,0.22894656658172607
1,171,0.19455182552337646,0.22851192951202393
1,172,0.19389373064041138,0.22807817161083221
1,173,0.19272392988204956,0.22766050696372986
1,174,0.19324509799480438,0.2272760421037674
1,175,0.19177637994289398,0.22679127752780914
1,176,0.19196073710918427,0.2262318879365921
1,177,0.18898579478263855,0.2257450520992279
1,178,0.19099102914333344,0.22524048388004303
1,179,0.19074247777462006,0.22472794353961945
1,180,0.18964038789272308,0.22425532341003418
1,181,0.18931537866592407,0.223794087767601
1,182,0.1894882768392563,0.2232232242822647
1,183,0.18951302766799927,0.2226608842611313
1,184,0.1868937909603119,0.22219295799732208
1,185,0.18802393972873688,0.2217557281255722
1,186,0.18751095235347748,0.22129254043102264
1,187,0.18635810911655426,0.22066783905029297
1,188,0.18794752657413483,0.21996119618415833
1,189,0.18792283535003662,0.21936827898025513
1,190,0.1859941929578781,0.2190195769071579
1,191,0.18477290868759155,0.21889863908290863
1,192,0.18435493111610413,0.21853595972061157
1,193,0.18534713983535767,0.21804463863372803
1,194,0.18612325191497803,0.21740277111530304
1,195,0.1842869371175766,0.21689651906490326
1,196,0.18228065967559814,0.21657142043113708
1,197,0.18441706895828247,0.21631862223148346
1,198,0.1838204264640808,0.21602100133895874
1,199,0.18324586749076843,0.21571122109889984
1,200,0.18298466503620148,0.21534045040607452
1,201,0.18298834562301636,0.21501754224300385
1,202,0.18271537125110626,0.21481706202030182
1,203,0.18257226049900055,0.21455219388008118
1,204,0.18113671243190765,0.21426211297512054
1,205,0.18117961287498474,0.213957741856575
1,206,0.18103846907615662,0.21352261304855347
1,207,0.18152451515197754,0.21312367916107178
1,208,0.17943832278251648,0.2128089964389801
1,209,0.18080183863639832,0.21258361637592316
1,210,0.1809079647064209,0.21236658096313477
1,211,0.1808912456035614,0.21193364262580872
1,212,0.1785965859889984,0.21146512031555176
1,213,0.17904998362064362,0.2111811637878418
1,214,0.17833715677261353,0.21127082407474518
1,215,0.17884644865989685,0.2111486941576004
1,216,0.1788424700498581,0.21051964163780212
1,217,0.17787975072860718,0.21006806194782257
1,218,0.17756478488445282,0.2099042683839798
1,219,0.17756889760494232,0.20993518829345703
1,220,0.17705772817134857,0.2098083347082138
1,221,0.1774519979953766,0.20945651829242706
1,222,0.17639222741127014,0.20912045240402222
1,223,0.17704825103282928,0.20905618369579315
1,224,0.17526717483997345,0.20901456475257874
1,225,0.17645174264907837,0.20878298580646515
1,226,0.17667336761951447,0.2083009034395218
1,227,0.17758989334106445,0.20817869901657104
1,228,0.17740173637866974,0.20825819671154022
1,229,0.17573599517345428,0.20823584496974945
1,230,0.17797024548053741,0.2077123522758484
1,231,0.17573890089988708,0.20755606889724731
1,232,0.17579807341098785,0.2076667994260788
1,233,0.1782243847846985,0.20754356682300568
1,234,0.1748640090227127,0.20727796852588654
1,235,0.17387324571609497,0.20712722837924957
1,236,0.17451003193855286,0.20705683529376984
1,237,0.17542694509029388,0.20707298815250397
1,238,0.17435702681541443,0.2068905085325241
1,239,0.17373134195804596,0.20669636130332947
1,240,0.1739259511232376,0.20665065944194794
1,241,0.17472128570079803,0.20655208826065063
1,242,0.17494530975818634,0.20644067227840424
1,243,0.17501363158226013,0.20639249682426453
1,244,0.1741933971643448,0.20646317303180695
1,245,0.1732860654592514,0.20628061890602112
1,246,0.1730559915304184,0.20602531731128693
1,247,0.17370794713497162,0.20585797727108002
1,248,0.17430607974529266,0.20579376816749573
1,249,0.17369578778743744,0.20582030713558197
1,250,0.17254513502120972,0.2057211995124817
1,251,0.1737341731786728,0.20553679764270782
1,252,0.17510110139846802,0.2053731232881546
1,253,0.17258737981319427,0.205285906791687
1,254,0.17390336096286774,0.20518502593040466
1,255,0.17114293575286865,0.20514367520809174
1,256,0.17206363379955292,0.20494771003723145
1,257,0.17361900210380554,0.2047201544046402
1,258,0.1719588041305542,0.20463137328624725
1,259,0.17185159027576447,0.20465992391109467
1,260,0.17252188920974731,0.20453205704689026
1,261,0.17191082239151,0.20431816577911377
1,262,0.17292878031730652,0.20422758162021637
1,263,0.1714797019958496,0.2041914165019989
1,264,0.17006921768188477,0.20421873033046722
1,265,0.17093075811862946,0.2040174901485443
1,266,0.17176513373851776,0.20372110605239868
1,267,0.1724613904953003,0.20363204181194305
1,268,0.17160463333129883,0.20367217063903809
1,269,0.17215795814990997,0.20373480021953583
1,270,0.17012174427509308,0.20349253714084625
1,271,0.17063972353935242,0.2032642662525177
1,272,0.17138347029685974,0.20315340161323547
1,273,0.1702641397714615,0.20322421193122864
1,274,0.1715436428785324,0.2031901627779007
1,275,0.17066454887390137,0.20292480289936066
1,276,0.1696065068244934,0.20273754000663757
1,277,0.16927389800548553,0.20273582637310028
1,278,0.16935980319976807,0.2028340995311737
1,279,0.1683672070503235,0.20280808210372925
1,280,0.17010626196861267,0.20247304439544678
1,281,0.16858802735805511,0.20222404599189758
1,282,0.16836710274219513,0.20219263434410095
1,283,0.16993306577205658,0.20222941040992737
1,284,0.17038337886333466,0.20236964523792267
1,285,0.16894063353538513,0.20206961035728455
1,286,0.17066144943237305,0.2017221748828888
1,287,0.1690024435520172,0.2016092985868454
1,288,0.1709011346101761,0.2017369419336319
1,289,0.17020747065544128,0.20176976919174194
1,290,0.16947534680366516,0.20150893926620483
1,291,0.16851544380187988,0.2012692093849182
1,292,0.1684151440858841,0.20118291676044464
1,293,0.1680164933204651,0.20125384628772736
1,294,0.1691237986087799,0.20123371481895447
1,295,0.16721884906291962,0.20101672410964966
1,296,0.1666625440120697,0.20093142986297607
1,297,0.16879715025424957,0.20088155567646027
1,298,0.16724523901939392,0.200947105884552
1,299,0.16728807985782623,0.2009865790605545
1,300,0.16797581315040588,0.2007688730955124
1,301,0.16904914379119873,0.20052194595336914
1,302,0.167962908744812,0.20047885179519653
1,303,0.16824029386043549,0.20049242675304413
1,304,0.16745467483997345,0.20052573084831238
1,305,0.16724775731563568,0.20038098096847534
1,306,0.16740691661834717,0.2001553475856781
1,307,0.16803601384162903,0.20006534457206726
1,308,0.16531610488891602,0.20007339119911194
1,309,0.16761067509651184,0.19999828934669495
1,310,0.16660916805267334,0.19979174435138702
1,311,0.1673773229122162,0.19964538514614105
1,312,0.16663758456707,0.19962365925312042
1,313,0.16531598567962646,0.19968071579933167
1,314,0.16770802438259125,0.19964922964572906
1,315,0.16700172424316406,0.19940795004367828
1,316,0.16659511625766754,0.19918258488178253
1,317,0.1662340611219406,0.19924858212471008
1,318,0.1666981428861618,0.19935323297977448
1,319,0.16611170768737793,0.1991596668958664
1,320,0.1650315672159195,0.19893373548984528
1,321,0.16567420959472656,0.19884750247001648
1,322,0.1661420315504074,0.1988968849182129
1,323,0.16768968105316162,0.19879665970802307
1,324,0.16688337922096252,0.19864849746227264
1,325,0.16669918596744537,0.19851535558700562
1,326,0.1663961410522461,0.19842372834682465
1,327,0.16623255610466003,0.19839581847190857
1,328,0.1660909801721573,0.19833405315876007
1,329,0.16464196145534515,0.1984250247478485
1,330,0.16350138187408447,0.1983947455883026
1,331,0.1654854565858841,0.19818510115146637
1,332,0.16587606072425842,0.19798916578292847
1,333,0.16482970118522644,0.197996124625206
1,334,0.1640263944864273,0.19810903072357178
1,335,0.16389645636081696,0.19820405542850494
1,336,0.16334249079227448,0.19799035787582397
1,337,0.16591377556324005,0.19763904809951782
1,338,0.16438895463943481,0.1975596696138382
1,339,0.1639348715543747,0.1977609544992447
1,340,0.16486820578575134,0.19783174991607666
1,341,0.1640842705965042,0.19755415618419647
1,342,0.16361157596111298,0.19740524888038635
1,343,0.16471512615680695,0.19729496538639069
1,344,0.1639915108680725,0.1973438262939453
1,345,0.1652575135231018,0.19729289412498474
1,346,0.16390694677829742,0.19720619916915894
1,347,0.16398784518241882,0.19702386856079102
1,348,0.16378241777420044,0.19689562916755676
1,349,0.16375282406806946,0.19700200855731964
1,350,0.16329064965248108,0.19700010120868683
1,351,0.16469453275203705,0.1966584324836731
1,352,0.16454094648361206,0.19643865525722504
1,353,0.16297346353530884,0.19665727019309998
1,354,0.16237938404083252,0.197053000330925
1,355,0.16344532370567322,0.1968129277229309
1,356,0.1637234091758728,0.1963074803352356
1,357,0.16214314103126526,0.1962185800075531
1,358,0.16279348731040955,0.1965092122554779
1,359,0.16298145055770874,0.19696210324764252
1,360,0.1635838747024536,0.19677691161632538
1,361,0.16298434138298035,0.19618932902812958
1,362,0.16289272904396057,0.19601045548915863
1,363,0.16196224093437195,0.19626730680465698
1,364,0.16210336983203888,0.19682998955249786
1,365,0.16047509014606476,0.1967250108718872
1,366,0.1628057062625885,0.1959683746099472
1,367,0.1621827930212021,0.19571849703788757
1,368,0.16312038898468018,0.19582223892211914
1,369,0.16103751957416534,0.19626344740390778
1,370,0.16174037754535675,0.19635626673698425
1,371,0.16268964111804962,0.19580847024917603
1,372,0.16072016954421997,0.19550907611846924
1,373,0.1618998795747757,0.19560399651527405
1,374,0.1603919267654419,0.1960398405790329
1,375,0.1598297655582428,0.19640156626701355
1,376,0.16170145571231842,0.19602791965007782
1,377,0.15915770828723907,0.19566115736961365
1,378,0.15962688624858856,0.19544923305511475
1,379,0.16171595454216003,0.19550995528697968
1,380,0.15997931361198425,0.19561202824115753
1,381,0.16041110455989838,0.1954251527786255
1,382,0.16198140382766724,0.1952245831489563
1,383,0.16067016124725342,0.1951339840888977
1,384,0.16072611510753632,0.19513659179210663
1,385,0.1602933257818222,0.19506511092185974
1,386,0.160649374127388,0.1948579102754593
1,387,0.160594180226326,0.19487343728542328
1,388,0.1603318601846695,0.19502794742584229
1,389,0.16020040214061737,0.1950201541185379
1,390,0.1614769846200943,0.19478893280029297
1,391,0.16104815900325775,0.19456394016742706
1,392,0.15988564491271973,0.19450734555721283
1,393,0.15960687398910522,0.1946737915277481
1,394,0.16070003807544708,0.19484443962574005
1,395,0.15974533557891846,0.19478072226047516
1,396,0.16042427718639374,0.1942710131406784
1,397,0.15910878777503967,0.19399577379226685
1,398,0.1578626036643982,0.1942458301782608
1,399,0.15867313742637634,0.19479745626449585
1,400,0.16053414344787598,0.1946840137243271
2,1,0.7144467234611511,0.7084864974021912
2,2,0.708791196346283,0.7030119299888611
2,3,0.7033045887947083,0.6975476741790771
2,4,0.6978029608726501,0.6920870542526245
2,5,0.6920777559280396,0.686620831489563
2,6,0.6865103840827942,0.6811360716819763
2,7,0.6809453368186951,0.675618052482605
2,8,0.6749914884567261,0.6700485944747925
2,9,0.669226348400116,0.6644066572189331
2,10,0.6635943055152893,0.6586704850196838
2,11,0.6573655009269714,0.6528156995773315
2,12,0.6512441039085388,0.6468157768249512
2,13,0.6448591947555542,0.640643298625946
2,14,0.6388842463493347,0.6342670917510986
2,15,0.6321762204170227,0.6276524662971497
2,16,0.6250225305557251,0.620760440826416
2,17,0.6179366111755371,0.6135462522506714
2,18,0.6104284524917603,0.6059597134590149
2,19,0.6022210121154785,0.5979429483413696
2,20,0.5945435166358948,0.5894311666488647
2,21,0.5857620239257812,0.5803519487380981
2,22,0.5760748386383057,0.5706241130828857
2,23,0.5661235451698303,0.5601627230644226
2,24,0.5547602772712708,0.5488848686218262
2,25,0.5428377389907837,0.5367274880409241
2,26,0.5308076739311218,0.5236787796020508
2,27,0.5161025524139404,0.5098318457603455
2,28,0.5017216205596924,0.4954690635204315
2,29,0.486126571893692,0.4810883104801178
2,30,0.47050896286964417,0.4672671854496002
2,31,0.4553116261959076,0.4544411599636078
2,32,0.4391639530658722,0.44284722208976746
2,33,0.4261435270309448,0.432584285736084
2,34,0.41314730048179626,0.4236392080783844
2,35,0.40299317240715027,0.4159314036369324
2,36,0.39191311597824097,0.40933868288993835
2,37,0.3831399083137512,0.40372273325920105
2,38,0.37566471099853516,0.39893463253974915
2,39,0.369372695684433,0.39481809735298157
2,40,0.3638676404953003,0.391231507062912
2,41,0.35706982016563416,0.3880515694618225
2,42,0.35429492592811584,0.385175883769989
2,43,0.35065215826034546,0.38252726197242737
2,44,0.3453982472419739,0.38004451990127563
2,45,0.3422894775867462,0.37767332792282104
2,46,0.33965638279914856,0.37538036704063416
2,47,0.33521273732185364,0.37314164638519287
2,48,0.3339783847332001,0.370930016040802
2,49,0.3310639262199402,0.36873218417167664
2,50,0.3289671838283539,0.3665420413017273
2,51,0.32549500465393066,0.3643512725830078
2,52,0.3222997784614563,0.3621531128883362
2,53,0.3172192871570587,0.3599565327167511
2,54,0.31757837533950806,0.3577520549297333
2,55,0.31286853551864624,0.3555437922477722
2,56,0.3122929334640503,0.35332849621772766
2,57,0.3111654818058014,0.35110753774642944
2,58,0.3072834312915802,0.34888511896133423
2,59,0.3062337040901184,0.3466627299785614
2,60,0.30635330080986023,0.344436377286911
2,61,0.3013268709182739,0.3422158360481262
2,62,0.29972898960113525,0.34000346064567566
2,63,0.2991441786289215,0.3377979099750519
2,64,0.2969111502170563,0.33560070395469666
2,65,0.29480934143066406,0.33341625332832336
2,66,0.2930140197277069,0.3312479853630066
2,67,0.28940966725349426,0.32910144329071045
2,68,0.28859615325927734,0.32697761058807373
2,69,0.28689053654670715,0.3248801827430725
2,70,0.2840006351470947,0.3228127360343933
2,71,0.28202757239341736,0.32077762484550476
2,72,0.2824323773384094,0.318771094083786
2,73,0.27861958742141724,0.3168008625507355
2,74,0.27564069628715515,0.314870685338974
2,75,0.2730991244316101,0.31298303604125977
2,76,0.2744465172290802,0.31113389134407043
2,77,0.27250194549560547,0.30932357907295227
2,78,0.2695024907588959,0.3075532019138336
2,79,0.2707099914550781,0.30581796169281006
2,80,0.267610639333725,0.30412113666534424
2,81,0.26588961482048035,0.3024624288082123
2,82,0.2657212018966675,0.3008412718772888
2,83,0.2637298107147217,0.2992568016052246
2,84,0.2623552083969116,0.2977062165737152
2,85,0.2606036067008972,0.2961919605731964
2,86,0.2591192126274109,0.29471126198768616
2,87,0.25801047682762146,0.29326167702674866
2,88,0.25786763429641724,0.2918411195278168
2,89,0.25552088022232056,0.29044637084007263
2,90,0.25389644503593445,0.28907787799835205
2,91,0.25628694891929626,0.2877289652824402
2,92,0.251729816198349,0.28640466928482056
2,93,0.251591295003891,0.285101979970932
2,94,0.24891157448291779,0.2838188111782074
2,95,0.249078169465065,0.282553493976593
2,96,0.24783852696418762,0.2813035845756531
2,97,0.24533163011074066,0.28006836771965027
2,98,0.2459968626499176,0.27884334325790405
2,99,0.24395224452018738,0.27763086557388306
2,100,0.24297668039798737,0.27643099427223206
2,101,0.24098360538482666,0.27524441480636597
2,102,0.24129918217658997,0.27406543493270874
2,103,0.23948529362678528,0.2728963792324066
2,104,0.2385847121477127,0.2717333734035492
2,105,0.23852916061878204,0.27057522535324097
2,106,0.23652377724647522,0.2694222927093506
2,107,0.23586051166057587,0.26827558875083923
2,108,0.23418597877025604,0.2671349346637726
2,109,0.2348482310771942,0.2659919559955597
2,110,0.23264355957508087,0.26485684514045715
2,111,0.2314077615737915,0.2637333571910858
2,112,0.231201633810997,0.26261019706726074
2,113,0.22913751006126404,0.2614904046058655
2,114,0.22855916619300842,0.2603816092014313
2,115,0.2292012870311737,0.2592872679233551
2,116,0.22632430493831635,0.25820642709732056
2,117,0.22478792071342468,0.2571592330932617
2,118,0.22565318644046783,0.25613486766815186
2,119,0.22397026419639587,0.25515344738960266
2,120,0.22302453219890594,0.2542058825492859
2,121,0.22119522094726562,0.25330469012260437
2,122,0.22131696343421936,0.25246262550354004
2,123,0.22010229527950287,0.2516700327396393
2,124,0.22087761759757996,0.25091835856437683
2,125,0.21857663989067078,0.25021207332611084
2,126,0.21863141655921936,0.2495427429676056
2,127,0.2174762338399887,0.2489185482263565
2,128,0.21810565888881683,0.24832594394683838
2,129,0.21463733911514282,0.24778369069099426
2,130,0.21480727195739746,0.24726729094982147
2,131,0.2130052149295807,0.24678148329257965
2,132,0.21589972078800201,0.24629060924053192
2,133,0.21381954848766327,0.2457915097475052
2,134,0.212544783949852,0.24528726935386658
2,135,0.21158786118030548,0.24477574229240417
2,136,0.21143850684165955,0.24424509704113007
2,137,0.20987528562545776,0.2437106817960739
2,138,0.21058796346187592,0.24314665794372559
2,139,0.21018388867378235,0.2425656020641327
2,140,0.20800191164016724,0.24196088314056396
2,141,0.20899111032485962,0.24134154617786407
2,142,0.20789247751235962,0.2407262772321701
2,143,0.2071051299571991,0.24010875821113586
2,144,0.2072879672050476,0.23949673771858215
2,145,0.20556281507015228,0.23891159892082214
2,146,0.20732544362545013,0.23831558227539062
2,147,0.2058144360780716,0.23772640526294708
2,148,0.20665816962718964,0.23709549009799957
2,149,0.20523184537887573,0.23641471564769745
2,150,0.20623157918453217,0.23568500578403473
2,151,0.20367111265659332,0.2349504977464676
2,152,0.20248813927173615,0.23424474895000458
2,153,0.204793781042099,0.2335408627986908
2,154,0.2018524408340454,0.23282714188098907
2,155,0.20266777276992798,0.2321309596300125
2,156,0.20154403150081635,0.23142534494400024
2,157,0.19962404668331146,0.23070107400417328
2,158,0.2002996951341629,0.22999055683612823
2,159,0.1995345950126648,0.2293085753917694
2,160,0.20015397667884827,0.22860191762447357
2,161,0.19833965599536896,0.22787098586559296
2,162,0.19785763323307037,0.2271224409341812
2,163,0.19770044088363647,0.22630952298641205
2,164,0.19768351316452026,0.22547875344753265
2,165,0.19708757102489471,0.2246616780757904
2,166,0.19477471709251404,0.2239372730255127
2,167,0.19488318264484406,0.22325319051742554
2,168,0.19482429325580597,0.22261616587638855
2,169,0.19435866177082062,0.2219551056623459
2,170,0.19435735046863556,0.2212824672460556
2,171,0.19380509853363037,0.22051629424095154
2,172,0.19308535754680634,0.2197505235671997
2,173,0.19112738966941833,0.21911098062992096
2,174,0.1908208578824997,0.21858114004135132
2,175,0.19141733646392822,0.2181566059589386
2,176,0.19211241602897644,0.21755854785442352
2,177,0.1901579052209854,0.2168588638305664
2,178,0.18938438594341278,0.21621040999889374
2,179,0.18972289562225342,0.21571622788906097
2,180,0.18973807990550995,0.2153131067752838
2,181,0.18929165601730347,0.2149982899427414
2,182,0.18901339173316956,0.21453838050365448
2,183,0.18662241101264954,0.21423538029193878
2,184,0.18753033876419067,0.21369397640228271
2,185,0.18740426003932953,0.21332639455795288
2,186,0.1871930956840515,0.2131519466638565
2,187,0.1863645762205124,0.21301326155662537
2,188,0.18559889495372772,0.2124762088060379
2,189,0.18550226092338562,0.21181027591228485
2,190,0.18675169348716736,0.21141625940799713
2,191,0.18466351926326752,0.21182554960250854
2,192,0.1850271075963974,0.2120690792798996
2,193,0.18548166751861572,0.21191497147083282
2,194,0.18409986793994904,0.21098676323890686
2,195,0.18225014209747314,0.21048517525196075
2,196,0.1834942251443863,0.21100535988807678
2,197,0.18089407682418823,0.211508646607399
2,198,0.1828872561454773,0.2112271785736084
2,199,0.1831284612417221,0.21036052703857422
2,200,0.18201962113380432,0.20991000533103943
2,201,0.18309232592582703,0.20984141528606415
2,202,0.1818055510520935,0.21042506396770477
2,203,0.18152248859405518,0.21073061227798462
2,204,0.18064528703689575,0.21043790876865387
2,205,0.18220999836921692,0.2094799280166626
2,206,0.1810411661863327,0.20858478546142578
2,207,0.1811552345752716,0.20850341022014618
2,208,0.18086755275726318,0.20904667675495148
2,209,0.1796179711818695,0.20962125062942505
2,210,0.17934300005435944,0.20933564007282257
2,211,0.18132351338863373,0.20796234905719757
2,212,0.1797199547290802,0.20726019144058228
2,213,0.1791800856590271,0.20760488510131836
2,214,0.17956192791461945,0.20824049413204193
2,215,0.1797076314687729,0.20817384123802185
2,216,0.17915861308574677,0.20746943354606628
2,217,0.17854703962802887,0.20676958560943604
2,218,0.17855358123779297,0.20668676495552063
2,219,0.17860126495361328,0.207048237323761
2,220,0.17727425694465637,0.20720650255680084
2,221,0.17964915931224823,0.2066923975944519
2,222,0.17734280228614807,0.206006720662117
2,223,0.17859147489070892,0.20567387342453003
2,224,0.17645001411437988,0.2056608945131302
2,225,0.1767570972442627,0.2060340791940689
2,226,0.17683500051498413,0.20595170557498932
2,227,0.17792172729969025,0.20532865822315216
2,228,0.1771756410598755,0.20494811236858368
2,229,0.17637531459331512,0.20493826270103455
2,230,0.1765051782131195,0.2050168216228485
2,231,0.1753949224948883,0.20468832552433014
2,232,0.1762789934873581,0.20409134030342102
2,233,0.1774710714817047,0.20379042625427246
2,234,0.17659685015678406,0.20394308865070343
2,235,0.17507866024971008,0.20461076498031616
2,236,0.1759304702281952,0.20457732677459717
2,237,0.17551982402801514,0.20352189242839813
2,238,0.17543895542621613,0.2025674283504486
2,239,0.1754475235939026,0.20248106122016907
2,240,0.17542478442192078,0.2032873034477234
2,241,0.1748059093952179,0.20394599437713623
2,242,0.1762712448835373,0.2031901776790619
2,243,0.1750171035528183,0.20226886868476868
2,244,0.17474901676177979,0.20178396999835968
2,245,0.1732247769832611,0.2017381489276886
2,246,0.17269055545330048,0.20223599672317505
2,247,0.17260576784610748,0.20287516713142395
2,248,0.1738416850566864,0.2025204598903656
2,249,0.17296724021434784,0.2016005963087082
2,250,0.17504936456680298,0.20082828402519226
2,251,0.1731579750776291,0.20058171451091766
2,252,0.17350320518016815,0.2008933126926422
2,253,0.17297516763210297,0.20147910714149475
2,254,0.17327889800071716,0.20150768756866455
2,255,0.17230141162872314,0.2006015181541443
2,256,0.17343464493751526,0.19979925453662872
2,257,0.17275568842887878,0.199471578001976
2,258,0.17189881205558777,0.19972966611385345
2,259,0.17331375181674957,0.20012615621089935
2,260,0.17200185358524323,0.2001604437828064
2,261,0.17189709842205048,0.19961123168468475
2,262,0.17298899590969086,0.19906021654605865
2,263,0.17297416925430298,0.19877097010612488
2,264,0.17281650006771088,0.1988341510295868
2,265,0.17197613418102264,0.19917073845863342
2,266,0.172383114695549,0.19923056662082672
2,267,0.17039959132671356,0.19883453845977783
2,268,0.17198975384235382,0.19823651015758514
2,269,0.17070816457271576,0.19794432818889618
2,270,0.16886256635189056,0.19794754683971405
2,271,0.17089898884296417,0.1980903446674347
2,272,0.17109501361846924,0.19819393754005432
2,273,0.17089343070983887,0.19809812307357788
2,274,0.17020480334758759,0.19771118462085724
2,275,0.170689195394516,0.19721220433712006
2,276,0.17290686070919037,0.19691218435764313
2,277,0.1709011346101761,0.19701534509658813
2,278,0.16942085325717926,0.19729207456111908
2,279,0.16978804767131805,0.19740401208400726
2,280,0.17046242952346802,0.19710437953472137
2,281,0.1691739708185196,0.19676586985588074
2,282,0.169961079955101,0.19635817408561707
2,283,0.16962021589279175,0.19606097042560577
2,284,0.17067530751228333,0.1959836483001709
2,285,0.16965502500534058,0.19599853456020355
2,286,0.16914810240268707,0.19600483775138855
2,287,0.17053423821926117,0.19600199162960052
2,288,0.16888101398944855,0.1956567019224167
2,289,0.1692749559879303,0.19521372020244598
2,290,0.17057064175605774,0.19504505395889282
2,291,0.16911767423152924,0.19515837728977203
2,292,0.16871605813503265,0.19542108476161957
2,293,0.16867013275623322,0.1953858733177185
2,294,0.1700810343027115,0.19487756490707397
2,295,0.1676958054304123,0.19447897374629974
2,296,0.16823041439056396,0.1942944973707199
2,297,0.16865210235118866,0.1944490373134613
2,298,0.16911867260932922,0.19456595182418823
2,299,0.1693042367696762,0.19443067908287048
2,300,0.1679471880197525,0.19405506551265717
2,301,0.16772451996803284,0.1938336342573166
2,302,0.16856440901756287,0.19366806745529175
2,303,0.1676558554172516,0.19364376366138458
2,304,0.1689232736825943,0.19370798766613007
2,305,0.1674679070711136,0.19350436329841614
2,306,0.16818660497665405,0.19319067895412445
2,307,0.16892637312412262,0.1930282860994339
2,308,0.168555349111557,0.19300633668899536
2,309,0.16802990436553955,0.19306401908397675
2,310,0.16715770959854126,0.19313561916351318
2,311,0.16765961050987244,0.19294486939907074
2,312,0.16705022752285004,0.19255435466766357
2,313,0.16673889756202698,0.19226831197738647
2,314,0.16641582548618317,0.1923810988664627
2,315,0.16686202585697174,0.19233927130699158
2,316,0.1659601926803589,0.19211524724960327
2,317,0.16666322946548462,0.19192270934581757
2,318,0.16483339667320251,0.1920592486858368
2,319,0.16626274585723877,0.19191479682922363
2,320,0.1672746241092682,0.1915656477212906
2,321,0.16645397245883942,0.19132308661937714
2,322,0.16688038408756256,0.19128209352493286
2,323,0.16614118218421936,0.19130758941173553
2,324,0.1670367568731308,0.191359281539917
2,325,0.16729801893234253,0.19088980555534363
2,326,0.16631734371185303,0.19053073227405548
2,327,0.16619832813739777,0.19054283201694489
2,328,0.1658031940460205,0.1909073293209076
2,329,0.16642187535762787,0.19107675552368164
2,330,0.16577504575252533,0.19051462411880493
2,331,0.16598105430603027,0.19011743366718292
2,332,0.16616128385066986,0.18996410071849823
2,333,0.16469630599021912,0.1902121752500534
2,334,0.16520513594150543,0.19032323360443115
2,335,0.16497604548931122,0.19019734859466553
2,336,0.165691539645195,0.18972794711589813
2,337,0.1660413146018982,0.18944039940834045
2,338,0.16517572104930878,0.189506396651268
2,339,0.1651196926832199,0.18994508683681488
2,340,0.16477298736572266,0.1898258477449417
2,341,0.1658894270658493,0.18935158848762512
2,342,0.1643795669078827,0.18893885612487793
2,343,0.16542388498783112,0.1889611780643463
2,344,0.16479921340942383,0.18922750651836395
2,345,0.16598547995090485,0.18954157829284668
2,346,0.16408215463161469,0.18945260345935822
2,347,0.16535568237304688,0.18878073990345
2,348,0.16624495387077332,0.18829156458377838
2,349,0.16537126898765564,0.18826626241207123
2,350,0.1652705818414688,0.1885986626148224
2,351,0.16323059797286987,0.18893006443977356
2,352,0.16455933451652527,0.18881694972515106
2,353,0.16478918492794037,0.18830540776252747
2,354,0.16507168114185333,0.18788902461528778
2,355,0.162872776389122,0.18783189356327057
2,356,0.165030837059021,0.1879735291004181
2,357,0.16410288214683533,0.18818357586860657
2,358,0.16371695697307587,0.1879250854253769
2,359,0.16483478248119354,0.1875552535057068
2,360,0.1648579090833664,0.187405064702034
2,361,0.16364876925945282,0.18752728402614594
2,362,0.16371847689151764,0.18759840726852417
2,363,0.16429169476032257,0.18728366494178772
2,364,0.1646818369626999,0.18693526089191437
2,365,0.16419336199760437,0.18687863647937775
2,366,0.16405870020389557,0.18695223331451416
2,367,0.1639357954263687,0.18706931173801422
2,368,0.1626507043838501,0.18700313568115234
2,369,0.16129308938980103,0.1867065727710724
2,370,0.1631833165884018,0.18634061515331268
2,371,0.16205693781375885,0.18657703697681427
2,372,0.16206637024879456,0.1867862045764923
2,373,0.16433051228523254,0.18666481971740723
2,374,0.16238196194171906,0.1864320933818817
2,375,0.1634731888771057,0.18634340167045593
2,376,0.1623392552137375,0.1860412061214447
2,377,0.1625775396823883,0.18590319156646729
2,378,0.16297656297683716,0.18606458604335785
2,379,0.16253046691417694,0.1862754374742508
2,380,0.16112348437309265,0.18582366406917572
2,381,0.1628854125738144,0.18530850112438202
2,382,0.1615602970123291,0.18517352640628815
2,383,0.16256894171237946,0.18549613654613495
2,384,0.161353200674057,0.18601606786251068
2,385,0.16281014680862427,0.1858651489019394
2,386,0.16223987936973572,0.1852460652589798
2,387,0.16173909604549408,0.18494324386119843
2,388,0.16248591244220734,0.1849733293056488
2,389,0.161451518535614,0.1852341890335083
2,390,0.16212043166160583,0.18537041544914246
2,391,0.16078642010688782,0.18513964116573334
2,392,0.1613112837076187,0.1847556084394455
2,393,0.1605793833732605,0.18457746505737305
2,394,0.16183747351169586,0.18455232679843903
2,395,0.16249343752861023,0.18462447822093964
2,396,0.16165681183338165,0.18481415510177612
2,397,0.16239911317825317,0.18463751673698425
2,398,0.1611023247241974,0.18432237207889557
2,399,0.16092832386493683,0.1841394603252411
2,400,0.16231103241443634,0.18409107625484467
3,1,0.6378500461578369,0.6317080855369568
3,2,0.6333433389663696,0.627008855342865
3,3,0.6289399862289429,0.6223040223121643
3,4,0.6245267391204834,0.6175776124000549
3,5,0.6197080612182617,0.612811803817749
3,6,0.615094006061554,0.6079891324043274
3,7,0.6103178262710571,0.6030920147895813
3,8,0.6057281494140625,0.5981045961380005
3,9,0.6008400321006775,0.5930086374282837
3,10,0.5961545705795288,0.587783932685852
3,11,0.5911175608634949,0.5824080109596252
3,12,0.5859007835388184,0.5768539309501648
3,13,0.5805594325065613,0.5710924863815308
3,14,0.5746666789054871,0.56508868932724
3,15,0.5692049264907837,0.5588051676750183
3,16,0.5630515217781067,0.5521979928016663
3,17,0.5564594268798828,0.5452167987823486
3,18,0.5499055981636047,0.5378053188323975
3,19,0.5424802303314209,0.5298994183540344
3,20,0.535442054271698,0.5214274525642395
3,21,0.5273591876029968,0.5123110413551331
3,22,0.5183936357498169,0.5024639368057251
3,23,0.5091020464897156,0.4918001592159271
3,24,0.49902471899986267,0.48024192452430725
3,25,0.4885183870792389,0.46774181723594666
3,26,0.4767197072505951,0.45431604981422424
3,27,0.46415188908576965,0.44009292125701904
3,28,0.4505199193954468,0.42534521222114563
3,29,0.43716779351234436,0.41047191619873047
3,30,0.42365172505378723,0.39591655135154724
3,31,0.41063252091407776,0.38211485743522644
3,32,0.39795756340026855,0.36942532658576965
3,33,0.3856799900531769,0.35807278752326965
3,34,0.3767164945602417,0.3481297194957733
3,35,0.3672890067100525,0.3395504355430603
3,36,0.3600603938102722,0.3322083055973053
3,37,0.35312992334365845,0.32593533396720886
3,38,0.34671550989151,0.32055988907814026
3,39,0.34309858083724976,0.3159153461456299
3,40,0.33608561754226685,0.311846524477005
3,41,0.3339219093322754,0.3082282841205597
3,42,0.3296668827533722,0.3049567937850952
3,43,0.3277534246444702,0.30194929242134094
3,44,0.32503393292427063,0.29914194345474243
3,45,0.3238378167152405,0.2964847981929779
3,46,0.32114067673683167,0.2939435839653015
3,47,0.3170899450778961,0.29149192571640015
3,48,0.3137635588645935,0.2891107201576233
3,49,0.31223466992378235,0.2867888808250427
3,50,0.3103000223636627,0.2845160961151123
3,51,0.30646368861198425,0.2822864353656769
3,52,0.3083066940307617,0.2800946533679962
3,53,0.3049917221069336,0.27793940901756287
3,54,0.3027927279472351,0.2758216857910156
3,55,0.2999940812587738,0.2737423777580261
3,56,0.29610157012939453,0.27170291543006897
3,57,0.2955605685710907,0.2697020471096039
3,58,0.29241523146629333,0.26774320006370544
3,59,0.29124200344085693,0.2658260464668274
3,60,0.2892098128795624,0.2639516294002533
3,61,0.286767840385437,0.26211977005004883
3,62,0.2856779098510742,0.2603316903114319
3,63,0.2826201617717743,0.2585865557193756
3,64,0.2810514271259308,0.2568839490413666
3,65,0.28078368306159973,0.25522300601005554
3,66,0.2774188220500946,0.25360438227653503
3,67,0.2769702970981598,0.25202664732933044
3,68,0.2743861973285675,0.25048962235450745
3,69,0.2746500074863434,0.2489909678697586
3,70,0.27368274331092834,0.24752870202064514
3,71,0.2707124650478363,0.24610064923763275
3,72,0.27163973450660706,0.24470466375350952
3,73,0.26984453201293945,0.24333880841732025
3,74,0.26584985852241516,0.24200206995010376
3,75,0.2665230929851532,0.24069024622440338
3,76,0.26305606961250305,0.23940184712409973
3,77,0.2627406716346741,0.23813459277153015
3,78,0.262418270111084,0.23688818514347076
3,79,0.25978559255599976,0.23565895855426788
3,80,0.258023202419281,0.23444581031799316
3,81,0.25773555040359497,0.23324799537658691
3,82,0.2575085759162903,0.232063427567482
3,83,0.25542035698890686,0.23089052736759186
3,84,0.25425925850868225,0.22972910106182098
3,85,0.25428879261016846,0.2285790741443634
3,86,0.2524770200252533,0.2274395078420639
3,87,0.24983955919742584,0.22630852460861206
3,88,0.25020095705986023,0.2251867949962616
3,89,0.24888195097446442,0.22407393157482147
3,90,0.24644628167152405,0.22296857833862305
3,91,0.24714191257953644,0.2218732386827469
3,92,0.244296133518219,0.22078688442707062
3,93,0.24427253007888794,0.21971096098423004
3,94,0.24287810921669006,0.21864494681358337
3,95,0.24448204040527344,0.21759255230426788
3,96,0.24154746532440186,0.2165534347295761
3,97,0.2399865835905075,0.21552716195583344
3,98,0.24010439217090607,0.214516744017601
3,99,0.2384096384048462,0.2135210782289505
3,100,0.23773954808712006,0.21254219114780426
3,101,0.23682428896427155,0.21157898008823395
3,102,0.23483087122440338,0.21063275635242462
3,103,0.23377308249473572,0.20970518887043
3,104,0.23347637057304382,0.20879848301410675
3,105,0.23413534462451935,0.20791321992874146
3,106,0.23165830969810486,0.2070472538471222
3,107,0.23076452314853668,0.20620308816432953
3,108,0.22946971654891968,0.20537592470645905
3,109,0.22760754823684692,0.20456619560718536
3,110,0.22742252051830292,0.20377592742443085
3,111,0.22705306112766266,0.20300251245498657
3,112,0.22547779977321625,0.20224545896053314
3,113,0.22681903839111328,0.20150792598724365
3,114,0.22516818344593048,0.2007870376110077
3,115,0.22498580813407898,0.20008212327957153
3,116,0.22366127371788025,0.1993892639875412
3,117,0.22292713820934296,0.1987081617116928
3,118,0.22183887660503387,0.19803853332996368
3,119,0.22239777445793152,0.19738566875457764
3,120,0.22192434966564178,0.19674888253211975
3,121,0.2204967439174652,0.19612562656402588
3,122,0.2189560979604721,0.19551587104797363
3,123,0.21879981458187103,0.19491495192050934
3,124,0.21781525015830994,0.19432181119918823
3,125,0.21816296875476837,0.19373802840709686
3,126,0.21748846769332886,0.19316552579402924
3,127,0.2154565155506134,0.19258897006511688
3,128,0.21462799608707428,0.1920180469751358
3,129,0.21559278666973114,0.19145843386650085
3,130,0.21616245806217194,0.19090500473976135
3,131,0.21408644318580627,0.19035419821739197
3,132,0.2131127119064331,0.1897982656955719
3,133,0.21295543015003204,0.18924202024936676
3,134,0.21232251822948456,0.18866203725337982
3,135,0.21177531778812408,0.18808135390281677
3,136,0.21157871186733246,0.1875113844871521
3,137,0.21027018129825592,0.18695123493671417
3,138,0.20936399698257446,0.18640252947807312
3,139,0.2096521556377411,0.1858593076467514
3,140,0.2097947895526886,0.1853407621383667
3,141,0.20786602795124054,0.18484753370285034
3,142,0.20743580162525177,0.18436361849308014
3,143,0.207742840051651,0.18384449183940887
3,144,0.20779702067375183,0.1833319365978241
3,145,0.2059602290391922,0.18282732367515564
3,146,0.20469103753566742,0.18231379985809326
3,147,0.20543627440929413,0.18184004724025726
3,148,0.20298108458518982,0.18140187859535217
3,149,0.20421886444091797,0.18098777532577515
3,150,0.20245815813541412,0.18052086234092712
3,151,0.2022671103477478,0.1800536960363388
3,152,0.20299872756004333,0.1796325147151947
3,153,0.20145004987716675,0.17922590672969818
3,154,0.20091496407985687,0.17882315814495087
3,155,0.1995677500963211,0.17839476466178894
3,156,0.19857536256313324,0.17799171805381775
3,157,0.19974549114704132,0.177592471241951
3,158,0.19890089333057404,0.17720967531204224
3,159,0.19799359142780304,0.17682506144046783
3,160,0.1983245462179184,0.17644724249839783
3,161,0.19840627908706665,0.17606978118419647
3,162,0.19533158838748932,0.17571872472763062
3,163,0.19710712134838104,0.17535242438316345
3,164,0.19560538232326508,0.1749885380268097
3,165,0.19663217663764954,0.17462915182113647
3,166,0.19659161567687988,0.17430604994297028
3,167,0.19450296461582184,0.17395412921905518
3,168,0.19436292350292206,0.1736096441745758
3,169,0.19531406462192535,0.17327672243118286
3,170,0.19326017796993256,0.1730884462594986
3,171,0.19421961903572083,0.17289510369300842
3,172,0.19234146177768707,0.17258121073246002
3,173,0.19216960668563843,0.1721912920475006
3,174,0.1927560716867447,0.17196692526340485
3,175,0.1922794133424759,0.17186658084392548
3,176,0.192679300904274,0.17189350724220276
3,177,0.19153474271297455,0.17127591371536255
3,178,0.19232119619846344,0.17106689512729645
3,179,0.19048939645290375,0.17117664217948914
3,180,0.18983560800552368,0.17107562720775604
3,181,0.19085749983787537,0.17047250270843506
3,182,0.1885942667722702,0.1702006757259369
3,183,0.19062796235084534,0.17005251348018646
3,184,0.19094842672348022,0.17008087038993835
3,185,0.18987369537353516,0.1697225719690323
3,186,0.18851450085639954,0.16936317086219788
3,187,0.1882452517747879,0.16912740468978882
3,188,0.18856316804885864,0.16896523535251617
3,189,0.18979959189891815,0.16890612244606018
3,190,0.18838798999786377,0.16866691410541534
3,191,0.18807241320610046,0.1683286428451538
3,192,0.1865156590938568,0.16809490323066711
3,193,0.18776744604110718,0.16790331900119781
3,194,0.18626758456230164,0.16785793006420135
3,195,0.1880439817905426,0.16776017844676971
3,196,0.186329647898674,0.16747182607650757
3,197,0.18694746494293213,0.16715510189533234
3,198,0.18801167607307434,0.1669587939977646
3,199,0.18637916445732117,0.16681484878063202
3,200,0.18609154224395752,0.16673873364925385
3,201,0.18837134540081024,0.16651156544685364
3,202,0.18609659373760223,0.16630923748016357
3,203,0.18575213849544525,0.1661132127046585
3,204,0.1853766143321991,0.16593654453754425
3,205,0.18617463111877441,0.1657724529504776
3,206,0.1859079748392105,0.1656382977962494
3,207,0.18568730354309082,0.1654999703168869
3,208,0.1848144829273224,0.16535145044326782
3,209,0.18503151834011078,0.1650790125131607
3,210,0.18384243547916412,0.1649145632982254
3,211,0.1852794885635376,0.1647307425737381
3,212,0.18404915928840637,0.16457006335258484
3,213,0.18333886563777924,0.164438396692276
3,214,0.18512696027755737,0.16423097252845764
3,215,0.18319888412952423,0.16405238211154938
3,216,0.1831752061843872,0.16391244530677795
3,217,0.18274091184139252,0.1637846976518631
3,218,0.1839270144701004,0.1636483371257782
3,219,0.1825139969587326,0.16346150636672974
3,220,0.18290090560913086,0.16329675912857056
3,221,0.18275196850299835,0.16317982971668243
3,222,0.18235768377780914,0.163072869181633
3,223,0.18193858861923218,0.16286858916282654
3,224,0.18089599907398224,0.16267648339271545
3,225,0.18032601475715637,0.16253505647182465
3,226,0.18135549128055573,0.16242147982120514
3,227,0.18076613545417786,0.16235604882240295
3,228,0.18091928958892822,0.16214700043201447
3,229,0.18035931885242462,0.1619604378938675
3,230,0.17880962789058685,0.16183562576770782
3,231,0.18072126805782318,0.16175596415996552
3,232,0.18080255389213562,0.16163185238838196
3,233,0.17954352498054504,0.1614597886800766
3,234,0.17998962104320526,0.16133573651313782
3,235,0.18004119396209717,0.16124172508716583
3,236,0.1786271184682846,0.1611812561750412
3,237,0.17877675592899323,0.16103175282478333
3,238,0.17813675105571747,0.16081300377845764
3,239,0.17938801646232605,0.16069994866847992
3,240,0.17903734743595123,0.1606382429599762
3,241,0.17858847975730896,0.1606089323759079
3,242,0.17783039808273315,0.16037677228450775
3,243,0.1774890273809433,0.16019167006015778
3,244,0.17807616293430328,0.16006621718406677
3,245,0.17845633625984192,0.159986212849617
3,246,0.17882826924324036,0.15988920629024506
3,247,0.178052619099617,0.15976117551326752
3,248,0.17748524248600006,0.1596132069826126
3,249,0.17520323395729065,0.159542977809906
3,250,0.17580971121788025,0.15953849256038666
3,251,0.17842672765254974,0.1594339907169342
3,252,0.17660601437091827,0.15932852029800415
3,253,0.17684108018875122,0.1592099815607071
3,254,0.17732581496238708,0.15908342599868774
3,255,0.17635944485664368,0.15901818871498108
3,256,0.1762055903673172,0.15891961753368378
3,257,0.1755904108285904,0.15887640416622162
3,258,0.17632745206356049,0.1587863266468048
3,259,0.17607639729976654,0.15869998931884766
3,260,0.1756976693868637,0.15870708227157593
3,261,0.1745302677154541,0.1588088572025299
3,262,0.17603172361850739,0.15874913334846497
3,263,0.1756589561700821,0.15852248668670654
3,264,0.174874410033226,0.15840595960617065
3,265,0.1741601526737213,0.15834365785121918
3,266,0.17632973194122314,0.15843147039413452
3,267,0.1737271398305893,0.15835677087306976
3,268,0.17408537864685059,0.15817996859550476
3,269,0.17459462583065033,0.15806826949119568
3,270,0.173844575881958,0.1581687182188034
3,271,0.1738862842321396,0.15828797221183777
3,272,0.17366176843643188,0.15807287395000458
3,273,0.17481911182403564,0.1578971892595291
3,274,0.17425286769866943,0.1578505039215088
3,275,0.17173558473587036,0.15792252123355865
3,276,0.1742180436849594,0.15774372220039368
3,277,0.175026997923851,0.1575036644935608
3,278,0.1724991500377655,0.15743380784988403
3,279,0.17255637049674988,0.15751619637012482
3,280,0.17399244010448456,0.15741796791553497
3,281,0.17394690215587616,0.1572209894657135
3,282,0.17308002710342407,0.1571740359067917
3,283,0.17164576053619385,0.15724530816078186
3,284,0.17279598116874695,0.15728656947612762
3,285,0.17182131111621857,0.15706415474414825
3,286,0.1720656305551529,0.15693551301956177
3,287,0.17180219292640686,0.15688960254192352
3,288,0.17197419703006744,0.15698766708374023
3,289,0.17138943076133728,0.15689709782600403
3,290,0.172042116522789,0.1568198949098587
3,291,0.17026449739933014,0.1567840278148651
3,292,0.1716926544904709,0.15668921172618866
3,293,0.17220090329647064,0.15668366849422455
3,294,0.1715344339609146,0.15662112832069397
3,295,0.17304627597332,0.15649038553237915
3,296,0.17126180231571198,0.15648487210273743
3,297,0.17075666785240173,0.1565115600824356
3,298,0.17157350480556488,0.15640346705913544
3,299,0.16886946558952332,0.15625829994678497
3,300,0.17237325012683868,0.1561107337474823
3,301,0.17091505229473114,0.156097412109375
3,302,0.17002157866954803,0.1562976837158203
3,303,0.16939707100391388,0.15642648935317993
3,304,0.17075520753860474,0.1562550961971283
3,305,0.17135551571846008,0.15609808266162872
3,306,0.1696384996175766,0.1559344232082367
3,307,0.17060574889183044,0.15613867342472076
3,308,0.16919569671154022,0.15598271787166595
3,309,0.16872963309288025,0.15570487082004547
3,310,0.16782622039318085,0.15574482083320618
3,311,0.16814959049224854,0.15595993399620056
3,312,0.16939763724803925,0.15612000226974487
3,313,0.16862303018569946,0.15576796233654022
3,314,0.17001403868198395,0.15555983781814575
3,315,0.16784264147281647,0.15548181533813477
3,316,0.16896966099739075,0.15558184683322906
3,317,0.1691581755876541,0.15564756095409393
3,318,0.16877661645412445,0.15567173063755035
3,319,0.16833807528018951,0.15572404861450195
3,320,0.16875506937503815,0.15573537349700928
3,321,0.16867181658744812,0.1555781066417694
3,322,0.16656751930713654,0.15526045858860016
3,323,0.16682422161102295,0.15519781410694122
3,324,0.1692378669977188,0.15528838336467743
3,325,0.16786298155784607,0.1555364578962326
3,326,0.16655664145946503,0.15557971596717834
3,327,0.16628623008728027,0.1553969532251358
3,328,0.16450069844722748,0.15521173179149628
3,329,0.16808168590068817,0.15506836771965027
3,330,0.1669965237379074,0.15502570569515228
3,331,0.16735124588012695,0.15512865781784058
3,332,0.16606131196022034,0.15532322227954865
3,333,0.1671278327703476,0.15545274317264557
3,334,0.16772544384002686,0.15537942945957184
3,335,0.16771262884140015,0.15509812533855438
3,336,0.1663130819797516,0.15497121214866638
3,337,0.16452009975910187,0.15500938892364502
3,338,0.16524605453014374,0.1551092118024826
3,339,0.16718938946723938,0.15517213940620422
3,340,0.165639266371727,0.15500396490097046
3,341,0.1673438549041748,0.1547500044107437
3,342,0.16673508286476135,0.15448299050331116
3,343,0.16605977714061737,0.1544562727212906
3,344,0.16644398868083954,0.15458963811397552
3,345,0.1647600531578064,0.15479595959186554
3,346,0.16555745899677277,0.15480920672416687
3,347,0.16431541740894318,0.1546286940574646
3,348,0.16612355411052704,0.15451565384864807
3,349,0.16378743946552277,0.1544722467660904
3,350,0.16475293040275574,0.1546802818775177
3,351,0.16483868658542633,0.15463067591190338
3,352,0.1654680073261261,0.1547522246837616
3,353,0.16516485810279846,0.1546642780303955
3,354,0.16624289751052856,0.15442363917827606
3,355,0.16418978571891785,0.15434075891971588
3,356,0.16541865468025208,0.1541944444179535
3,357,0.16311395168304443,0.15431763231754303
3,358,0.16550442576408386,0.15448889136314392
3,359,0.16501449048519135,0.15455928444862366
3,360,0.166401669383049,0.15458515286445618
3,361,0.16464191675186157,0.15445835888385773
3,362,0.16508162021636963,0.15417073667049408
3,363,0.16383521258831024,0.1542159914970398
3,364,0.1647273302078247,0.15438371896743774
3,365,0.16516897082328796,0.154686838388443
3,366,0.16370610892772675,0.15462680160999298
3,367,0.1621377170085907,0.15449067950248718
3,368,0.1627907007932663,0.1543935239315033
3,369,0.1625310331583023,0.15444153547286987
3,370,0.1639205366373062,0.15423652529716492
3,371,0.16408024728298187,0.1541108638048172
3,372,0.16267342865467072,0.15410630404949188
3,373,0.16164284944534302,0.15410110354423523
3,374,0.1612975001335144,0.1539909541606903
3,375,0.16278304159641266,0.15389716625213623
3,376,0.16406755149364471,0.15379302203655243
3,377,0.16283850371837616,0.15373662114143372
3,378,0.16288524866104126,0.15384045243263245
3,379,0.16187399625778198,0.1538146436214447
3,380,0.16194362938404083,0.15378352999687195
3,381,0.16168364882469177,0.15344193577766418
3,382,0.1618669033050537,0.15322838723659515
3,383,0.16248154640197754,0.1531192809343338
3,384,0.1640392541885376,0.15304075181484222
3,385,0.16091759502887726,0.15332457423210144
3,386,0.16242715716362,0.15343673527240753
3,387,0.16432461142539978,0.15310414135456085
3,388,0.1602688878774643,0.15280771255493164
3,389,0.16113042831420898,0.1529664397239685
3,390,0.16182667016983032,0.15303140878677368
3,391,0.16076071560382843,0.15304604172706604
3,392,0.1614685356616974,0.15299572050571442
3,393,0.1624031513929367,0.15309379994869232
3,394,0.16185146570205688,0.1532989889383316
3,395,0.161724254488945,0.15348197519779205
3,396,0.15964646637439728,0.15334981679916382
3,397,0.16186027228832245,0.1534738540649414
3,398,0.161243736743927,0.15372593700885773
3,399,0.1609976440668106,0.1535562127828598
3,400,0.1601375937461853,0.15363456308841705
4,1,0.6716245412826538,0.6652236580848694
4,2,0.6662573218345642,0.659616231918335
4,3,0.6605488061904907,0.6541178226470947
4,4,0.6551705598831177,0.6487107276916504
4,5,0.6499848365783691,0.6433759927749634
4,6,0.6445714831352234,0.6380952000617981
4,7,0.6392385959625244,0.632853090763092
4,8,0.6339059472084045,0.6276350617408752
4,9,0.6286901831626892,0.6224260926246643
4,10,0.6237220764160156,0.6172098517417908
4,11,0.6190797686576843,0.6119699478149414
4,12,0.613771915435791,0.6066887974739075
4,13,0.6083508729934692,0.6013473868370056
4,14,0.6026885509490967,0.5959258079528809
4,15,0.5976206660270691,0.5904026031494141
4,16,0.5924720168113708,0.5847539901733398
4,17,0.5863836407661438,0.5789529085159302
4,18,0.5809100866317749,0.5729717016220093
4,19,0.5753825306892395,0.566779375076294
4,20,0.5686885118484497,0.560340940952301
4,21,0.5624927282333374,0.5536189675331116
4,22,0.5562202334403992,0.5465714335441589
4,23,0.5488883256912231,0.5391499996185303
4,24,0.5421012043952942,0.5313026309013367
4,25,0.5346699357032776,0.5229711532592773
4,26,0.5264679193496704,0.5140897631645203
4,27,0.5173865556716919,0.5045869946479797
4,28,0.508390486240387,0.4943891763687134
4,29,0.49819016456604004,0.4834241569042206
4,30,0.4880104660987854,0.4716377556324005
4,31,0.4757619798183441,0.4590061902999878
4,32,0.4643387198448181,0.44558289647102356
4,33,0.4519776999950409,0.43152815103530884
4,34,0.43748578429222107,0.4171290993690491
4,35,0.425190806388855,0.402792751789093
4,36,0.41210564970970154,0.3889431953430176
4,37,0.4012186825275421,0.37592190504074097
4,38,0.3894132375717163,0.3639410436153412
4,39,0.38086333870887756,0.3531024158000946
4,40,0.37068772315979004,0.3434063196182251
4,41,0.36365416646003723,0.3348049223423004
4,42,0.3573887050151825,0.3272029459476471
4,43,0.3508188724517822,0.3204856812953949
4,44,0.34701988101005554,0.3145420253276825
4,45,0.34403562545776367,0.30926239490509033
4,46,0.337893009185791,0.3045308589935303
4,47,0.33705437183380127,0.30026012659072876
4,48,0.3310307264328003,0.2963653802871704
4,49,0.3308084011077881,0.2927876114845276
4,50,0.32619374990463257,0.2894711196422577
4,51,0.3248289227485657,0.28637534379959106
4,52,0.3208652436733246,0.28346753120422363
4,53,0.3172617256641388,0.2807216942310333
4,54,0.3152729570865631,0.2781195640563965
4,55,0.3143945634365082,0.27564746141433716
4,56,0.3101934492588043,0.27328968048095703
4,57,0.30743512511253357,0.2710378170013428
4,58,0.3058565855026245,0.2688835859298706
4,59,0.3054184913635254,0.26681897044181824
4,60,0.3028411269187927,0.26483961939811707
4,61,0.3006769120693207,0.26294073462486267
4,62,0.29741334915161133,0.26111629605293274
4,63,0.2949788272380829,0.2593638598918915
4,64,0.29285430908203125,0.25767794251441956
4,65,0.29197898507118225,0.2560560405254364
4,66,0.29038316011428833,0.25449517369270325
4,67,0.28684544563293457,0.25299131870269775
4,68,0.2865658700466156,0.251541405916214
4,69,0.2847048044204712,0.2501440644264221
4,70,0.28233376145362854,0.24879266321659088
4,71,0.27970996499061584,0.2474839687347412
4,72,0.2786829173564911,0.24621620774269104
4,73,0.27523842453956604,0.24498282372951508
4,74,0.27609798312187195,0.2437835931777954
4,75,0.2730446457862854,0.24261365830898285
4,76,0.2721364200115204,0.2414686679840088
4,77,0.27026399970054626,0.24034589529037476
4,78,0.2695842385292053,0.23924358189105988
4,79,0.2675231397151947,0.23815879225730896
4,80,0.2668876349925995,0.2370888739824295
4,81,0.2643589973449707,0.23602966964244843
4,82,0.26393190026283264,0.2349802553653717
4,83,0.26271969079971313,0.2339356392621994
4,84,0.2610563635826111,0.23289260268211365
4,85,0.26033931970596313,0.23185184597969055
4,86,0.2582938075065613,0.23081021010875702
4,87,0.2562634348869324,0.2297666072845459
4,88,0.255683958530426,0.22872188687324524
4,89,0.25424322485923767,0.22767457365989685
4,90,0.2531755566596985,0.22662538290023804
4,91,0.25234293937683105,0.22557437419891357
4,92,0.2507672607898712,0.22451935708522797
4,93,0.2501071095466614,0.22346803545951843
4,94,0.24780908226966858,0.22242194414138794
4,95,0.2468612641096115,0.22138015925884247
4,96,0.2450568974018097,0.2203437089920044
4,97,0.243321493268013,0.21931146085262299
4,98,0.2433605194091797,0.21829015016555786
4,99,0.24260549247264862,0.21728241443634033
4,100,0.24067428708076477,0.21629035472869873
4,101,0.23978589475154877,0.21531468629837036
4,102,0.2380925714969635,0.21435372531414032
4,103,0.23980174958705902,0.2134150117635727
4,104,0.23817135393619537,0.21249788999557495
4,105,0.23569989204406738,0.2115921527147293
4,106,0.23487870395183563,0.2107052206993103
4,107,0.23614901304244995,0.2098412960767746
4,108,0.2328971028327942,0.20898683369159698
4,109,0.23138239979743958,0.2081296592950821
4,110,0.2299792319536209,0.2072664499282837
4,111,0.23100332915782928,0.20640555024147034
4,112,0.2288743108510971,0.20554684102535248
4,113,0.23018322885036469,0.20469260215759277
4,114,0.2273780107498169,0.20385074615478516
4,115,0.22708448767662048,0.20301461219787598
4,116,0.2267601042985916,0.20220713317394257
4,117,0.22544033825397491,0.2014351189136505
4,118,0.22450025379657745,0.20071321725845337
4,119,0.22370584309101105,0.20005348324775696
4,120,0.22161361575126648,0.1994466334581375
4,121,0.22249917685985565,0.19888506829738617
4,122,0.22104571759700775,0.19834041595458984
4,123,0.22024676203727722,0.19779552519321442
4,124,0.22023740410804749,0.19724208116531372
4,125,0.21836818754673004,0.1966755986213684
4,126,0.21882975101470947,0.1960745006799698
4,127,0.21671295166015625,0.19545815885066986
4,128,0.21779696643352509,0.1948779672384262
4,129,0.21649396419525146,0.19432857632637024
4,130,0.21569755673408508,0.19378504157066345
4,131,0.2154080867767334,0.19325388967990875
4,132,0.21446764469146729,0.19271335005760193
4,133,0.21344584226608276,0.19220587611198425
4,134,0.21230550110340118,0.19164533913135529
4,135,0.2111721634864807,0.19109253585338593
4,136,0.2100829780101776,0.19052039086818695
4,137,0.20956222712993622,0.19000349938869476
4,138,0.21000167727470398,0.18958425521850586
4,139,0.20786714553833008,0.18920110166072845
4,140,0.2076539397239685,0.188792422413826
4,141,0.2079472690820694,0.18832887709140778
4,142,0.2056545466184616,0.18782995641231537
4,143,0.20712557435035706,0.18747320771217346
4,144,0.20461855828762054,0.18726137280464172
4,145,0.20513945817947388,0.18710331618785858
4,146,0.2041734755039215,0.18680793046951294
4,147,0.20357586443424225,0.18645815551280975
4,148,0.202726349234581,0.18615996837615967
4,149,0.20151834189891815,0.18605805933475494
4,150,0.20059403777122498,0.18601298332214355
4,151,0.20127928256988525,0.1858924776315689
4,152,0.19877150654792786,0.18570199608802795
4,153,0.19714803993701935,0.18546412885189056
4,154,0.19769278168678284,0.18546172976493835
4,155,0.19789965450763702,0.18502484261989594
4,156,0.19715330004692078,0.18459288775920868
4,157,0.19647473096847534,0.18457727134227753
4,158,0.19737419486045837,0.18439996242523193
4,159,0.19656535983085632,0.18378858268260956
4,160,0.1961844265460968,0.18373090028762817
4,161,0.19550515711307526,0.1837935596704483
4,162,0.19350466132164001,0.18320181965827942
4,163,0.19422903656959534,0.18299464881420135
4,164,0.19434301555156708,0.18309348821640015
4,165,0.19475506246089935,0.18268196284770966
4,166,0.1938997209072113,0.1823921799659729
4,167,0.19423873722553253,0.18220140039920807
4,168,0.19374704360961914,0.18233762681484222
4,169,0.19115407764911652,0.1817503720521927
4,170,0.19169916212558746,0.18148544430732727
4,171,0.19125376641750336,0.18132343888282776
4,172,0.19117633998394012,0.1813240945339203
4,173,0.19160780310630798,0.18102502822875977
4,174,0.18986210227012634,0.18052342534065247
4,175,0.19071301817893982,0.1807587891817093
4,176,0.19151002168655396,0.1808394342660904
4,177,0.19136320054531097,0.1801752895116806
4,178,0.18986345827579498,0.17983484268188477
4,179,0.18760696053504944,0.1802268773317337
4,180,0.18946421146392822,0.1802285760641098
4,181,0.18883603811264038,0.17947880923748016
4,182,0.18905098736286163,0.1792944222688675
4,183,0.18919798731803894,0.17956727743148804
4,184,0.1894979625940323,0.17950531840324402
4,185,0.18745410442352295,0.17886680364608765
4,186,0.18758507072925568,0.17857186496257782
4,187,0.18848437070846558,0.17877770960330963
4,188,0.1885870397090912,0.1789960116147995
4,189,0.1874195784330368,0.17829157412052155
4,190,0.1865062564611435,0.17773154377937317
4,191,0.18706825375556946,0.17768792808055878
4,192,0.18669724464416504,0.17808933556079865
4,193,0.18535055220127106,0.1779293417930603
4,194,0.18505895137786865,0.177180215716362
4,195,0.18589045107364655,0.17682279646396637
4,196,0.18598976731300354,0.17696453630924225
4,197,0.18502134084701538,0.17716455459594727
4,198,0.18495847284793854,0.17697861790657043
4,199,0.18614359200000763,0.17628884315490723
4,200,0.18391872942447662,0.17600716650485992
4,201,0.18424686789512634,0.1761849820613861
4,202,0.18384963274002075,0.17633667588233948
4,203,0.18335747718811035,0.1758672147989273
4,204,0.18423917889595032,0.1753695011138916
4,205,0.18354029953479767,0.175297349691391
4,206,0.18314211070537567,0.17549490928649902
4,207,0.1834850162267685,0.17553773522377014
4,208,0.183208167552948,0.17516499757766724
4,209,0.182557612657547,0.1747731864452362
4,210,0.18251869082450867,0.17464038729667664
4,211,0.18262457847595215,0.17474709451198578
4,212,0.1822114884853363,0.1747273951768875
4,213,0.1827654391527176,0.17450399696826935
4,214,0.18255256116390228,0.1741863489151001
4,215,0.1827617585659027,0.1740170270204544
4,216,0.18131908774375916,0.1738855391740799
4,217,0.18061576783657074,0.1738087385892868
4,218,0.182033970952034,0.17371904850006104
4,219,0.1806160807609558,0.1735120415687561
4,220,0.18065983057022095,0.17319439351558685
4,221,0.18132713437080383,0.17303048074245453
4,222,0.18101511895656586,0.17298217117786407
4,223,0.17992542684078217,0.1728682518005371
4,224,0.17926670610904694,0.17259624600410461
4,225,0.1804480254650116,0.1724110245704651
4,226,0.1800559014081955,0.172415092587471
4,227,0.18009038269519806,0.17232723534107208
4,228,0.17931920289993286,0.17188438773155212
4,229,0.18002891540527344,0.17169839143753052
4,230,0.17914173007011414,0.1716209352016449
4,231,0.179312601685524,0.17152495682239532
4,232,0.17918263375759125,0.17117160558700562
4,233,0.1795443594455719,0.1709175705909729
4,234,0.17914144694805145,0.17064064741134644
4,235,0.17821991443634033,0.17052200436592102
4,236,0.17926377058029175,0.17055121064186096
4,237,0.17777280509471893,0.17031919956207275
4,238,0.1779508888721466,0.170035719871521
4,239,0.17760315537452698,0.1698257476091385
4,240,0.17590975761413574,0.1696452796459198
4,241,0.1784379929304123,0.16958369314670563
4,242,0.1775355041027069,0.16956184804439545
4,243,0.17685382068157196,0.16924600303173065
4,244,0.17669866979122162,0.16904385387897491
4,245,0.17746439576148987,0.16891466081142426
4,246,0.17737595736980438,0.1689004898071289
4,247,0.17768310010433197,0.1688198745250702
4,248,0.17516496777534485,0.1686089038848877
4,249,0.17597904801368713,0.16834576427936554
4,250,0.1756654530763626,0.16813579201698303
4,251,0.17487911880016327,0.1681089550256729
4,252,0.1758762001991272,0.1680956333875656
4,253,0.17669963836669922,0.1678542047739029
4,254,0.17536577582359314,0.16746091842651367
4,255,0.1746932715177536,0.1673266589641571
4,256,0.17480693757534027,0.1673915833234787
4,257,0.17515899240970612,0.16731122136116028
4,258,0.17281658947467804,0.1670299619436264
4,259,0.17481888830661774,0.1668420284986496
4,260,0.1739204227924347,0.16672170162200928
4,261,0.1744617074728012,0.16677121818065643
4,262,0.17589052021503448,0.16666042804718018
4,263,0.17420841753482819,0.16634848713874817
4,264,0.1750848889350891,0.16636301577091217
4,265,0.17342618107795715,0.16635464131832123
4,266,0.1740885227918625,0.166080504655838
4,267,0.1741793304681778,0.16586485505104065
4,268,0.17330271005630493,0.1659313440322876
4,269,0.173824280500412,0.1658989042043686
4,270,0.17324264347553253,0.16560211777687073
4,271,0.17362400889396667,0.16532562673091888
4,272,0.1740449070930481,0.1653674691915512
4,273,0.17285940051078796,0.16548532247543335
4,274,0.17338789999485016,0.16525417566299438
4,275,0.1728474646806717,0.1648130863904953
4,276,0.17273321747779846,0.16469602286815643
4,277,0.1722448319196701,0.16478124260902405
4,278,0.17181487381458282,0.1647111177444458
4,279,0.17169006168842316,0.16432151198387146
4,280,0.1718936562538147,0.1642277091741562
4,281,0.17229734361171722,0.16410651803016663
4,282,0.17184187471866608,0.16407176852226257
4,283,0.17186665534973145,0.1639174520969391
4,284,0.17109961807727814,0.16362030804157257
4,285,0.1710582822561264,0.1636756956577301
4,286,0.1715221107006073,0.1638166308403015
4,287,0.1702997386455536,0.16364723443984985
4,288,0.17088750004768372,0.1632796823978424
4,289,0.17260132730007172,0.16319577395915985
4,290,0.1710742563009262,0.16354702413082123
4,291,0.17068347334861755,0.16333593428134918
4,292,0.1704011708498001,0.16277725994586945
4,293,0.1708320528268814,0.16270652413368225
4,294,0.1696421355009079,0.1628168523311615
4,295,0.17059023678302765,0.16290895640850067
4,296,0.16963991522789001,0.16247019171714783
4,297,0.1701095700263977,0.1624240279197693
4,298,0.17092514038085938,0.16242951154708862
4,299,0.16937953233718872,0.16242803633213043
4,300,0.1710873544216156,0.16212643682956696
4,301,0.17183516919612885,0.16209667921066284
4,302,0.17067267000675201,0.1623428910970688
4,303,0.16952867805957794,0.16219155490398407
4,304,0.16869384050369263,0.16197220981121063
4,305,0.16972501575946808,0.16199028491973877
4,306,0.16902343928813934,0.1620086431503296
4,307,0.16986829042434692,0.1618620753288269
4,308,0.16925987601280212,0.1619006246328354
4,309,0.1697121113538742,0.16171464323997498
4,310,0.16958220303058624,0.16159045696258545
4,311,0.16794651746749878,0.1616590917110443
4,312,0.16799727082252502,0.16179387271404266
4,313,0.16777004301548004,0.1614866554737091
4,314,0.1693352907896042,0.16130027174949646
4,315,0.16875368356704712,0.16151343286037445
4,316,0.16795073449611664,0.161681666970253
4,317,0.16801658272743225,0.16121560335159302
4,318,0.16873450577259064,0.1609679013490677
4,319,0.16913239657878876,0.16125477850437164
4,320,0.16672654449939728,0.16127519309520721
4,321,0.1672840416431427,0.16080330312252045
4,322,0.1688319593667984,0.1607431322336197
4,323,0.16703221201896667,0.1609925776720047
4,324,0.16956943273544312,0.160796657204628
4,325,0.16830773651599884,0.16045112907886505
4,326,0.16669292747974396,0.16059495508670807
4,327,0.16786904633045197,0.16072343289852142
4,328,0.16722145676612854,0.1600828915834427
4,329,0.16594025492668152,0.16001273691654205
4,330,0.16774342954158783,0.16035902500152588
4,331,0.1660335212945938,0.1599588841199875
4,332,0.16769054532051086,0.1596803367137909
4,333,0.16740643978118896,0.1597577929496765
4,334,0.1667376011610031,0.1599615216255188
4,335,0.16669155657291412,0.15978160500526428
4,336,0.1651540994644165,0.15951623022556305
4,337,0.16594219207763672,0.15970827639102936
4,338,0.16640935838222504,0.1596495807170868
4,339,0.16621334850788116,0.15952840447425842
4,340,0.1656329333782196,0.15935218334197998
4,341,0.16487658023834229,0.15945185720920563
4,342,0.1664983332157135,0.15926995873451233
4,343,0.16498622298240662,0.15897558629512787
4,344,0.16614173352718353,0.15911966562271118
4,345,0.16678863763809204,0.15908287465572357
4,346,0.16558651626110077,0.15878282487392426
4,347,0.16550210118293762,0.15877655148506165
4,348,0.16389694809913635,0.15874238312244415
4,349,0.16601096093654633,0.15858550369739532
4,350,0.16569361090660095,0.15880316495895386
4,351,0.1652994453907013,0.15877272188663483
4,352,0.16544881463050842,0.15842285752296448
4,353,0.1644410640001297,0.15844102203845978
4,354,0.1645050197839737,0.15853151679039001
4,355,0.16486525535583496,0.1584196239709854
4,356,0.16452261805534363,0.1582334339618683
4,357,0.16449441015720367,0.1584683060646057
4,358,0.16369977593421936,0.15795409679412842
4,359,0.16433276236057281,0.15774190425872803
4,360,0.16510072350502014,0.15787480771541595
4,361,0.16348890960216522,0.1579529345035553
4,362,0.16542606055736542,0.1576927900314331
4,363,0.16336241364479065,0.15763430297374725
4,364,0.16555087268352509,0.15804530680179596
4,365,0.16428908705711365,0.15769416093826294
4,366,0.1639503687620163,0.15747646987438202
4,367,0.16331464052200317,0.15776066482067108
4,368,0.16390778124332428,0.15773749351501465
4,369,0.1636638045310974,0.15741857886314392
4,370,0.1640508770942688,0.15751656889915466
4,371,0.1632716953754425,0.15791639685630798
4,372,0.1640533059835434,0.15746353566646576
4,373,0.16366566717624664,0.15752731263637543
4,374,0.1624990701675415,0.15767447650432587
4,375,0.16320179402828217,0.15745820105075836
4,376,0.16328227519989014,0.15727175772190094
4,377,0.16395273804664612,0.1572856903076172
4,378,0.16212999820709229,0.15732437372207642
4,379,0.16374671459197998,0.15720626711845398
4,380,0.1631590574979782,0.15726928412914276
4,381,0.1629030853509903,0.15714316070079803
4,382,0.16225235164165497,0.15706482529640198
4,383,0.16425900161266327,0.15700674057006836
4,384,0.16150343418121338,0.15684279799461365
4,385,0.16103340685367584,0.15689028799533844
4,386,0.1611933559179306,0.15669295191764832
4,387,0.16238346695899963,0.15661025047302246
4,388,0.16169582307338715,0.15686526894569397
4,389,0.16291658580303192,0.15686269104480743
4,390,0.16154798865318298,0.15653905272483826
4,391,0.16084609925746918,0.1565556526184082
4,392,0.16332527995109558,0.15689431130886078
4,393,0.1622563600540161,0.1565701812505722
4,394,0.1614455133676529,0.15628968179225922
4,395,0.16257533431053162,0.15634964406490326
4,396,0.16092762351036072,0.15625055134296417
4,397,0.16062147915363312,0.15599219501018524
4,398,0.16167481243610382,0.15594534575939178
4,399,0.16302475333213806,0.156376451253891
4,400,0.16055580973625183,0.1558709740638733
5,1,0.6828270554542542,0.67757648229599
5,2,0.6782792210578918,0.6728761792182922
5,3,0.673677921295166,0.6681889295578003
5,4,0.669043242931366,0.6634975075721741
5,5,0.6647433042526245,0.6587827205657959
5,6,0.6603191494941711,0.6540250182151794
5,7,0.6555312275886536,0.6492056846618652
5,8,0.6509582996368408,0.6443047523498535
5,9,0.6461604833602905,0.6393023729324341
5,10,0.6412487030029297,0.63417649269104
5,11,0.6364730596542358,0.628902792930603
5,12,0.6313837766647339,0.6234538555145264
5,13,0.6262709498405457,0.6177989840507507
5,14,0.6206371188163757,0.6119034886360168
5,15,0.6147534251213074,0.6057280898094177
5,16,0.6092840433120728,0.5992297530174255
5,17,0.603428840637207,0.5923582911491394
5,18,0.5962916612625122,0.5850546956062317
5,19,0.5894842743873596,0.5772520303726196
5,20,0.5825700759887695,0.5688740611076355
5,21,0.5742554068565369,0.5598301887512207
5,22,0.5657968521118164,0.5500180721282959
5,23,0.5569151639938354,0.539323091506958
5,24,0.5469438433647156,0.5276179313659668
5,25,0.5357571840286255,0.5147744417190552
5,26,0.5240809321403503,0.5006864070892334
5,27,0.5118531584739685,0.4853174090385437
5,28,0.4979122579097748,0.46878278255462646
5,29,0.4833129048347473,0.45144641399383545
5,30,0.46782827377319336,0.43393221497535706
5,31,0.4533313810825348,0.41696402430534363
5,32,0.439454585313797,0.4011344909667969
5,33,0.42533573508262634,0.3867754340171814
5,34,0.41420045495033264,0.3740028738975525
5,35,0.403610497713089,0.3627604842185974
5,36,0.3944201171398163,0.35290542244911194
5,37,0.3865053653717041,0.3442719876766205
5,38,0.37801599502563477,0.3366765081882477
5,39,0.37363237142562866,0.3299623131752014
5,40,0.36632001399993896,0.32397472858428955
5,41,0.3636205196380615,0.318589985370636
5,42,0.3586886525154114,0.31370308995246887
5,43,0.35330498218536377,0.309222012758255
5,44,0.35098955035209656,0.3050784170627594
5,45,0.34759441018104553,0.30121511220932007
5,46,0.3449805974960327,0.29758787155151367
5,47,0.34180888533592224,0.2941600978374481
5,48,0.3395673930644989,0.29090455174446106
5,49,0.334211140871048,0.2877986431121826
5,50,0.33416616916656494,0.28482574224472046
5,51,0.3314478099346161,0.281972199678421
5,52,0.3273386061191559,0.27922704815864563
5,53,0.3233444094657898,0.27658188343048096
5,54,0.3211115598678589,0.2740294337272644
5,55,0.3187408149242401,0.2715652585029602
5,56,0.31754180788993835,0.2691859304904938
5,57,0.3159750998020172,0.26688629388809204
5,58,0.3119218647480011,0.26466190814971924
5,59,0.3082042932510376,0.2625105679035187
5,60,0.30831119418144226,0.260431706905365
5,61,0.30588605999946594,0.2584230303764343
5,62,0.30220675468444824,0.2564833164215088
5,63,0.2992745637893677,0.2546111047267914
5,64,0.2970562279224396,0.252804696559906
5,65,0.2940504848957062,0.25106289982795715
5,66,0.2947565019130707,0.2493855059146881
5,67,0.29150378704071045,0.24776941537857056
5,68,0.28987762331962585,0.24621181190013885
5,69,0.28886309266090393,0.24471111595630646
5,70,0.2870006263256073,0.24326209723949432
5,71,0.2833726108074188,0.2418588250875473
5,72,0.28233611583709717,0.24049536883831024
5,73,0.2823021709918976,0.23917019367218018
5,74,0.27915099263191223,0.23787367343902588
5,75,0.2756165862083435,0.236598402261734
5,76,0.27663394808769226,0.23534147441387177
5,77,0.2747744023799896,0.23409904539585114
5,78,0.2736726999282837,0.23286503553390503
5,79,0.2719244360923767,0.23163878917694092
5,80,0.2688457667827606,0.23041675984859467
5,81,0.26818418502807617,0.22919423878192902
5,82,0.267696738243103,0.22797395288944244
5,83,0.26545554399490356,0.22675201296806335
5,84,0.2647815942764282,0.2255285680294037
5,85,0.2646176218986511,0.22430582344532013
5,86,0.26286399364471436,0.22308489680290222
5,87,0.26081937551498413,0.22186601161956787
5,88,0.25988706946372986,0.2206512987613678
5,89,0.25902414321899414,0.21944493055343628
5,90,0.2582056522369385,0.2182510942220688
5,91,0.2571503818035126,0.21707355976104736
5,92,0.25516924262046814,0.21591022610664368
5,93,0.2538137137889862,0.2147626131772995
5,94,0.2526167631149292,0.2136344015598297
5,95,0.25135156512260437,0.21252502501010895
5,96,0.25151526927948,0.21144194900989532
5,97,0.25012093782424927,0.21038876473903656
5,98,0.24897441267967224,0.2093556523323059
5,99,0.24702033400535583,0.20834802091121674
5,100,0.24766798317432404,0.20737159252166748
5,101,0.24633993208408356,0.20642411708831787
5,102,0.243408203125,0.20550185441970825
5,103,0.24365290999412537,0.20460523664951324
5,104,0.24244846403598785,0.20373179018497467
5,105,0.24202236533164978,0.2028784602880478
5,106,0.24016009271144867,0.20204965770244598
5,107,0.23986230790615082,0.2012495994567871
5,108,0.23895977437496185,0.2004721760749817
5,109,0.23782703280448914,0.1997198611497879
5,110,0.2375214546918869,0.198997363448143
5,111,0.23626747727394104,0.1982971429824829
5,112,0.2352665215730667,0.19762255251407623
5,113,0.23513559997081757,0.19697163999080658
5,114,0.2335890680551529,0.1963365077972412
5,115,0.23419496417045593,0.19571837782859802
5,116,0.23286643624305725,0.19511941075325012
5,117,0.23277953267097473,0.19454579055309296
5,118,0.23138943314552307,0.19398809969425201
5,119,0.23188810050487518,0.19344530999660492
5,120,0.22954031825065613,0.19290782511234283
5,121,0.22727836668491364,0.19235219061374664
5,122,0.2277122586965561,0.1917998343706131
5,123,0.22803805768489838,0.19125215709209442
5,124,0.22713714838027954,0.19068777561187744
5,125,0.22636902332305908,0.1901087909936905
5,126,0.2257738560438156,0.189518541097641
5,127,0.22570636868476868,0.18892459571361542
5,128,0.22412322461605072,0.1883075088262558
5,129,0.2224230170249939,0.18767574429512024
5,130,0.22275863587856293,0.18703693151474
5,131,0.22311069071292877,0.18644362688064575
5,132,0.2225567102432251,0.1858801394701004
5,133,0.22204627096652985,0.1853748857975006
5,134,0.21978884935379028,0.1848723143339157
5,135,0.21897579729557037,0.18437457084655762
5,136,0.22053436934947968,0.18391607701778412
5,137,0.21944212913513184,0.18346086144447327
5,138,0.2168288230895996,0.18299154937267303
5,139,0.21817930042743683,0.1825958639383316
5,140,0.21687690913677216,0.18222106993198395
5,141,0.2166077196598053,0.18178218603134155
5,142,0.21645379066467285,0.18129117786884308
5,143,0.21692049503326416,0.1808103621006012
5,144,0.21499429643154144,0.18029361963272095
5,145,0.2141345739364624,0.1797594428062439
5,146,0.2134164273738861,0.1792590618133545
5,147,0.2137576937675476,0.1787957102060318
5,148,0.21219395101070404,0.17835484445095062
5,149,0.21309736371040344,0.17796461284160614
5,150,0.2123807668685913,0.17759132385253906
5,151,0.2116561233997345,0.17720484733581543
5,152,0.20988710224628448,0.17670409381389618
5,153,0.21010157465934753,0.17624075710773468
5,154,0.20921339094638824,0.17569398880004883
5,155,0.20897001028060913,0.17514987289905548
5,156,0.20734676718711853,0.1746397316455841
5,157,0.20831845700740814,0.17419609427452087
5,158,0.2075680047273636,0.17384116351604462
5,159,0.20854395627975464,0.17346888780593872
5,160,0.20668494701385498,0.17304551601409912
5,161,0.20466716587543488,0.1724766492843628
5,162,0.20353594422340393,0.17180182039737701
5,163,0.20518077909946442,0.1712777465581894
5,164,0.2035432904958725,0.17088225483894348
5,165,0.20168332755565643,0.1705106496810913
5,166,0.20320060849189758,0.17013350129127502
5,167,0.20303583145141602,0.16971255838871002
5,168,0.20283377170562744,0.16916832327842712
5,169,0.20174288749694824,0.1686181128025055
5,170,0.20181146264076233,0.16812677681446075
5,171,0.19999229907989502,0.16768507659435272
5,172,0.20033687353134155,0.16731272637844086
5,173,0.20135816931724548,0.16689647734165192
5,174,0.19879181683063507,0.16633877158164978
5,175,0.198740154504776,0.16578853130340576
5,176,0.19791752099990845,0.16530360281467438
5,177,0.19731532037258148,0.16496556997299194
5,178,0.19858108460903168,0.1646714210510254
5,179,0.19675950706005096,0.16425853967666626
5,180,0.19694282114505768,0.16364961862564087
5,181,0.1973092257976532,0.1631404161453247
5,182,0.19621382653713226,0.16274751722812653
5,183,0.1974775791168213,0.16244083642959595
5,184,0.1966128945350647,0.16214700043201447
5,185,0.19469350576400757,0.16167297959327698
5,186,0.19191375374794006,0.1610831767320633
5,187,0.19328446686267853,0.16070891916751862
5,188,0.19455111026763916,0.16062699258327484
5,189,0.19519151747226715,0.16048111021518707
5,190,0.19327251613140106,0.15980367362499237
5,191,0.19340230524539948,0.15926198661327362
5,192,0.19306886196136475,0.1590050756931305
5,193,0.19315877556800842,0.1590266227722168
5,194,0.19243060052394867,0.1589091569185257
5,195,0.19128532707691193,0.1583252251148224
5,196,0.19181565940380096,0.15788249671459198
5,197,0.19143883883953094,0.15770484507083893
5,198,0.19113944470882416,0.1578957885503769
5,199,0.19195280969142914,0.15788418054580688
5,200,0.1916169822216034,0.15720558166503906
5,201,0.19120006263256073,0.1566598117351532
5,202,0.1906718909740448,0.15648841857910156
5,203,0.19154588878154755,0.15653322637081146
5,204,0.1899983286857605,0.15663081407546997
5,205,0.19152584671974182,0.15623639523983002
5,206,0.18951135873794556,0.15570318698883057
5,207,0.1884767860174179,0.15548112988471985
5,208,0.1894344538450241,0.1555347889661789
5,209,0.1881152093410492,0.15570421516895294
5,210,0.18788456916809082,0.15530769526958466
5,211,0.18857331573963165,0.15477655827999115
5,212,0.1882283091545105,0.15460442006587982
5,213,0.18753691017627716,0.15474136173725128
5,214,0.18776099383831024,0.1550230085849762
5,215,0.18800997734069824,0.15443791449069977
5,216,0.18839044868946075,0.15396524965763092
5,217,0.18776099383831024,0.15383316576480865
5,218,0.1878843754529953,0.15400689840316772
5,219,0.18728068470954895,0.15417522192001343
5,220,0.18787451088428497,0.15381208062171936
5,221,0.18620005249977112,0.1533193141222
5,222,0.18701909482479095,0.15312309563159943
5,223,0.1872272491455078,0.1531243622303009
5,224,0.18606612086296082,0.1533457189798355
5,225,0.1852695345878601,0.153287872672081
5,226,0.18583515286445618,0.15278559923171997
5,227,0.1864815354347229,0.15252240002155304
5,228,0.18633323907852173,0.15248006582260132
5,229,0.18522313237190247,0.15264257788658142
5,230,0.18572399020195007,0.1525472104549408
5,231,0.1854778528213501,0.15223367512226105
5,232,0.18488682806491852,0.15199007093906403
5,233,0.183944433927536,0.1518276333808899
5,234,0.18361008167266846,0.1518467217683792
5,235,0.18458907306194305,0.15191031992435455
5,236,0.18315726518630981,0.15168137848377228
5,237,0.1839781403541565,0.1514209806919098
5,238,0.18282896280288696,0.15119968354701996
5,239,0.1834636926651001,0.15123838186264038
5,240,0.18429900705814362,0.15132661163806915
5,241,0.18410755693912506,0.15118230879306793
5,242,0.18337689340114594,0.1508706659078598
5,243,0.1831289380788803,0.15065892040729523
5,244,0.1814720183610916,0.15058860182762146
5,245,0.18298478424549103,0.15067742764949799
5,246,0.18335998058319092,0.15080079436302185
5,247,0.1818695068359375,0.15051348507404327
5,248,0.1821366250514984,0.15023177862167358
5,249,0.1824633926153183,0.1500881016254425
5,250,0.18187357485294342,0.1500513255596161
5,251,0.18127621710300446,0.15015952289104462
5,252,0.18203820288181305,0.15029294788837433
5,253,0.1811785250902176,0.14990447461605072
5,254,0.1822144240140915,0.14963966608047485
5,255,0.17987796664237976,0.1495353877544403
5,256,0.1825893223285675,0.1496671587228775
5,257,0.18134430050849915,0.14982463419437408
5,258,0.1813194751739502,0.149712473154068
5,259,0.18119826912879944,0.14933720231056213
5,260,0.17948804795742035,0.14906232059001923
5,261,0.1793414056301117,0.14899857342243195
5,262,0.18018995225429535,0.14920128881931305
5,263,0.17977550625801086,0.14956706762313843
5,264,0.18156857788562775,0.14923234283924103
5,265,0.17928969860076904,0.14876385033130646
5,266,0.180558979511261,0.1485946923494339
5,267,0.18018315732479095,0.14859165251255035
5,268,0.17945928871631622,0.14881828427314758
5,269,0.17860037088394165,0.14889900386333466
5,270,0.18018771708011627,0.14862731099128723
5,271,0.1782156527042389,0.14829593896865845
5,272,0.18040484189987183,0.14821259677410126
5,273,0.1802804321050644,0.14830146729946136
5,274,0.17852783203125,0.1484563946723938
5,275,0.17918774485588074,0.1483573019504547
5,276,0.18056371808052063,0.14817719161510468
5,277,0.17905600368976593,0.14800164103507996
5,278,0.17839674651622772,0.14794661104679108
5,279,0.17665605247020721,0.14799213409423828
5,280,0.17879422008991241,0.14795155823230743
5,281,0.17824608087539673,0.14777489006519318
5,282,0.17664192616939545,0.1476472020149231
5,283,0.1774260252714157,0.14758837223052979
5,284,0.17777760326862335,0.14761896431446075
5,285,0.17727597057819366,0.14766637980937958
5,286,0.1778554469347,0.14757804572582245
5,287,0.176837757229805,0.14737367630004883
5,288,0.17671307921409607,0.14728398621082306
5,289,0.178083598613739,0.14727860689163208
5,290,0.17581698298454285,0.14732524752616882
5,291,0.17628268897533417,0.1472354233264923
5,292,0.17782865464687347,0.14714674651622772
5,293,0.17560060322284698,0.14701828360557556
5,294,0.17613887786865234,0.1470000147819519
5,295,0.17525885999202728,0.1470809280872345
5,296,0.17625364661216736,0.14707162976264954
5,297,0.17821966111660004,0.14691832661628723
5,298,0.17655225098133087,0.14681826531887054
5,299,0.1762915700674057,0.1467893123626709
5,300,0.17628984153270721,0.1468176245689392
5,301,0.17375190556049347,0.1467859148979187
5,302,0.1756659895181656,0.1467333734035492
5,303,0.17521162331104279,0.14660312235355377
5,304,0.17572012543678284,0.14653953909873962
5,305,0.17508698999881744,0.14651745557785034
5,306,0.17390306293964386,0.14652997255325317
5,307,0.17512334883213043,0.1465636044740677
5,308,0.17470583319664001,0.14647908508777618
5,309,0.17494305968284607,0.14635474979877472
5,310,0.17540498077869415,0.1462874561548233
5,311,0.1738695204257965,0.14620569348335266
5,312,0.17420156300067902,0.14615291357040405
5,313,0.17486025393009186,0.14624279737472534
5,314,0.17326201498508453,0.14634288847446442
5,315,0.1737479269504547,0.14612063765525818
5,316,0.17536118626594543,0.14594893157482147
5,317,0.17395880818367004,0.1459532082080841
5,318,0.17443320155143738,0.14607901871204376
5,319,0.1737554669380188,0.14614614844322205
5,320,0.17437531054019928,0.14590951800346375
5,321,0.1734786480665207,0.1457551121711731
5,322,0.1743234395980835,0.14570388197898865
5,323,0.17487269639968872,0.14575600624084473
5,324,0.17400379478931427,0.1459098607301712
5,325,0.17316311597824097,0.14568743109703064
5,326,0.1729530543088913,0.14551419019699097
5,327,0.17315074801445007,0.1455012410879135
5,328,0.17213837802410126,0.14559143781661987
5,329,0.17207561433315277,0.14561311900615692
5,330,0.17286841571331024,0.14543282985687256
5,331,0.17216429114341736,0.14534319937229156
5,332,0.17119327187538147,0.1453351229429245
5,333,0.1719316691160202,0.14536616206169128
5,334,0.17223840951919556,0.1453687995672226
5,335,0.17128033936023712,0.1453281193971634
5,336,0.17269861698150635,0.14520324766635895
5,337,0.17250359058380127,0.1451052725315094
5,338,0.17243245244026184,0.14507995545864105
5,339,0.17322251200675964,0.1452232450246811
5,340,0.17243187129497528,0.1451774388551712
5,341,0.1735900342464447,0.1449504941701889
5,342,0.17223802208900452,0.1448342204093933
5,343,0.17250114679336548,0.14478206634521484
5,344,0.17191354930400848,0.14480158686637878
5,345,0.17129555344581604,0.14492939412593842
5,346,0.1709774136543274,0.1447829008102417
5,347,0.16928541660308838,0.1446286290884018
5,348,0.17067323625087738,0.14464086294174194
5,349,0.16971534490585327,0.1447884887456894
5,350,0.17168331146240234,0.1446135938167572
5,351,0.17211849987506866,0.1444522887468338
5,352,0.1700727343559265,0.14442478120326996
5,353,0.17073632776737213,0.14465928077697754
5,354,0.17203620076179504,0.14477863907814026
5,355,0.17029307782649994,0.1443808525800705
5,356,0.17017588019371033,0.14428070187568665
5,357,0.1711713820695877,0.14425820112228394
5,358,0.17039640247821808,0.14447718858718872
5,359,0.16948141157627106,0.14441001415252686
5,360,0.16968896985054016,0.14419105648994446
5,361,0.16857090592384338,0.14408522844314575
5,362,0.1707184612751007,0.14409281313419342
5,363,0.16915439069271088,0.14418184757232666
5,364,0.16890811920166016,0.1442302018404007
5,365,0.17003357410430908,0.14403903484344482
5,366,0.16909532248973846,0.14388534426689148
5,367,0.17029592394828796,0.1438724398612976
5,368,0.17067499458789825,0.14402499794960022
5,369,0.1692756712436676,0.14382709562778473
5,370,0.16857871413230896,0.14374491572380066
5,371,0.17004649341106415,0.14368698000907898
5,372,0.16957060992717743,0.14377985894680023
5,373,0.17126207053661346,0.1437932550907135
5,374,0.16820038855075836,0.14357061684131622
5,375,0.16797709465026855,0.14348620176315308
5,376,0.1682141125202179,0.14349304139614105
5,377,0.16941066086292267,0.14369399845600128
5,378,0.1689419001340866,0.14345723390579224
5,379,0.16923801600933075,0.14330710470676422
5,380,0.16876649856567383,0.14328068494796753
5,381,0.16752000153064728,0.14332498610019684
5,382,0.16887280344963074,0.14332215487957
5,383,0.16798648238182068,0.1431969702243805
5,384,0.16785457730293274,0.14314401149749756
5,385,0.1672033667564392,0.14311760663986206
5,386,0.16880632936954498,0.14319956302642822
5,387,0.1681453287601471,0.14307424426078796
5,388,0.16910365223884583,0.14296646416187286
5,389,0.1670898199081421,0.14287994801998138
5,390,0.16840501129627228,0.14287349581718445
5,391,0.1671791523694992,0.1428871750831604
5,392,0.16583116352558136,0.14278161525726318
5,393,0.1676647812128067,0.1427193582057953
5,394,0.1666456162929535,0.1426204890012741
5,395,0.16892363131046295,0.1426570862531662
5,396,0.16882915794849396,0.1427844911813736
5,397,0.16704164445400238,0.1426091194152832
5,398,0.16678069531917572,0.14251475036144257
5,399,0.16774258017539978,0.142510786652565
5,400,0.16756872832775116,0.14256420731544495
